区画,クレート,ファイル,行,識別子,記号の種類,落ちた条件,なぜ読めないか,改名の素案,報告ファイル
001,blitz_app,crates/blitz_app/build_support/mod.rs,62,sphソース絶対パス,英単語または略号,同上,同上。小文字化しても英字のまま日本語識別子へ混入している,粒子法流体ソース絶対パス,命名_区画001_2026-09-12.md
001,blitz_app,crates/blitz_app/build_support/slangc_locate.rs,8,スランガー位置(型),なし,受理条件1(受理テスト)/呼称と語の選択条3(カタカナ語基準:小学生が分かるか),「スランガー」はslangc(Slangコンパイラの実行ファイル)を指す実在しない造語である。slangcの正しい音写でもなく、「スラング」+「-er」から作った語の意味も推測できない。ユビキタス言語にも未登録で、読み手が単独で復元できない,スラングコンパイラの所在 または英語名を保持して slangc実行ファイルの所在,命名_区画001_2026-09-12.md
001,blitz_app,crates/blitz_app/build_support/slangc_locate.rs,"9,10,14,16,17,22",絶対パス枝・パス経由枝・プログラム名()・発見する()(いずれもスランガー位置型に属する),なし,上記の波及(型名自体が壊れているため、型が絡む識別子すべてが巻き込まれる),型名を直せば大半は連動して読めるようになるため、型名の是正を先に行うべき箇所として記録する,型改名後に再検査,命名_区画001_2026-09-12.md
001,blitz_app,crates/blitz_app/build_support/slangc_locate.rs,22,発見する,なし,受理条件2・3・5,ASCIIモジュールslangc_locate直下の自由関数であり名前単独で答える必要があるが、「何を発見するか」が無い,slangc実行ファイルを探す,命名_区画001_2026-09-12.md
001,blitz_app,crates/blitz_app/build_support/rerun_registration.rs,12,登録する,なし,受理条件2・3・5,同上。「何を・どこへ登録するか」が無い裸の動詞。実体はシェーダーの変更をCargoの再ビルド判定へ伝える処理,シェーダーの変更監視をCargoへ登録する,命名_区画001_2026-09-12.md
001,blitz_app,crates/blitz_app/build_support/cluster_light_assignment_spirv_compile.rs,15,コンパイルする,なし,受理条件2・3・5,完全な裸の動詞で目的語が皆無。呼び出し元のcluster_light_assignment_spirv_compile::コンパイルする(...)もモジュール名(ASCII)は読まれない前提のため、名前だけでは何をコンパイルするか不明,クラスタ選別のエントリをコンパイルする,命名_区画001_2026-09-12.md
001,blitz_app,crates/blitz_app/build_support/atmosphere_spirv_compile.rs,40,全部をコンパイルする,なし,受理条件2・3,「全部」は代名詞で対象領域(大気のベイク済み画像群)を名指ししていない。ASCIIモジュールは読まれない前提のため復元できない,大気のベイク済み画像の全エントリをコンパイルする,命名_区画001_2026-09-12.md
001,blitz_app,crates/blitz_app/build_support/auto_exposure_spirv_compile.rs,21,全部をコンパイルする,なし,同上,同上,自動露出の全エントリをコンパイルする,命名_区画001_2026-09-12.md
001,blitz_app,crates/blitz_app/build_support/local_visibility_spirv_compile.rs,21,全部をコンパイルする,なし,同上,同上,局所可視性補正の全エントリをコンパイルする,命名_区画001_2026-09-12.md
001,blitz_app,crates/blitz_app/build_support/derived_environment_spirv_compile.rs,29,全部をコンパイルする,なし,同上,同上,派生表現の全エントリをコンパイルする,命名_区画001_2026-09-12.md
001,blitz_app,crates/blitz_app/build_support/sky_spirv_compile.rs,28,全部をコンパイルする,なし,同上,同上,空段階の全エントリをコンパイルする,命名_区画001_2026-09-12.md
001,blitz_app,crates/blitz_app/build_support/cloth_spirv_compile.rs,12,全部をコンパイルする,なし,同上,同上,布シェーダーの全エントリをコンパイルする,命名_区画001_2026-09-12.md
001,blitz_app,crates/blitz_app/build_support/xpbd_spirv_compile.rs,45,全部をコンパイルする,なし,同上,同上,XPBD計測用の全エントリをコンパイルする,命名_区画001_2026-09-12.md
001,blitz_app,crates/blitz_app/build_support/spirv_compile.rs,37,画素段のエントリ(fn),英単語または略号,受理条件4(品詞の規律),名詞句だが実体はエントリ指定を組み立てる処理。裸の自由関数のため型名による目的語の補完が効かない,エントリ指定::画素段として生成する(型の関連関数化)、または 画素段のエントリを組み立てる,命名_区画001_2026-09-12.md
001,blitz_app,crates/blitz_app/build_support/xpbd_spirv_compile.rs,37,コンピュート(fn),英単語または略号,同上,同上,エントリ指定::コンピュートとして生成する,命名_区画001_2026-09-12.md
001,blitz_app,crates/blitz_app/build_support/cloth_spirv_compile/compile_table.rs,60,コンピュート(fn),英単語または略号,同上,同上,同上,命名_区画001_2026-09-12.md
001,blitz_app,crates/blitz_app/build_support/cloth_spirv_compile/compile_table.rs,68,頂点(fn),英単語または略号,同上,同上,エントリ指定::頂点として生成する,命名_区画001_2026-09-12.md
001,blitz_app,crates/blitz_app/build_support/cloth_spirv_compile/compile_table.rs,76,画素段(fn),英単語または略号,同上,同上,エントリ指定::画素段として生成する,命名_区画001_2026-09-12.md
002,blitz_app,crates/blitz_app/src/app/animation_state.rs,"18-19,25,31,35,37,39-41,46-53",クリップa / クリップb,英字1文字,識別子への英字混入の禁止(指示書「オーナーが不合格にした実例」の英字・記号混入の類型),"pub(super) struct アニメーション再生 { スキン: スキンデータ, クリップa: アニメーションクリップ, クリップb: Option<アニメーションクリップ>, } のように、日本語の名詞「クリップ」へ単独のASCII文字a/bを付けて2つを区別している。同じファイルに既に主クリップ名・副クリップ名という完全な日本語の対語が定数として存在しており(13-14行目)、フィールド名だけがそれを使わずアルファベット添字に頼っている。「クリップa」は「これは何?」に対して「主クリップなのか副クリップなのか」を単独で答えられない(呼び出し側でのクリップbの分岐処理を読んで初めてbが「あってもなくてもよい方」だと分かる)",主クリップ / 副クリップ,命名_区画002_2026-09-12.md
004,blitz_app,crates/blitz_app/src/app/frame_dump/frame_dump/presentation_dump.rs,50-53,rawパス(変数),英単語または略号,条件2・条7(直訳検出)・呼称と語の選択条1,英語「raw」をローマ字のまま使い、日本語訳(生・未加工・提示用)を与えていない。同じディレクトリのdepth_dump.rsは同じ役割の変数を深度パスと日本語訳しており、この工程だけ英語のまま残っている,提示画像のパス,命名_区画004_2026-09-12.md
004,blitz_app,crates/blitz_app/src/app/frame_dump/frame_timing/frame_timing_tests.rs,11,統計.平均ms,英単語または略号,条件2・呼称と語の選択条1,単位「ミリ秒」をASCII記号「ms」へ切り詰めている。同じ区画のscene_camera配下は距離倍率・注視点の水平メートルのように単位を全部仮名で書く慣習であり、この型だけ逸脱する,平均ミリ秒,命名_区画004_2026-09-12.md
004,blitz_app,crates/blitz_app/src/app/frame_dump/frame_timing/frame_timing_tests.rs,12,統計.p50ms,英字1文字・英単語または略号・数字,条件1・条件2・条件7,統計記号「p」と数字「50」とASCII単位「ms」が1つの識別子へ結合しており、パーセンタイルの知識が無い読み手はもちろん、知っていても「p50ms」だけから「50パーセンタイル値をミリ秒で表したもの」だと即座に復元できない,五十パーセンタイル値ミリ秒,命名_区画004_2026-09-12.md
004,blitz_app,crates/blitz_app/src/app/frame_dump/frame_timing/frame_timing_tests.rs,13,統計.p95ms,英字1文字・英単語または略号・数字,同上,同上,九十五パーセンタイル値ミリ秒,命名_区画004_2026-09-12.md
004,blitz_app,crates/blitz_app/src/app/frame_dump/frame_timing/frame_timing_tests.rs,14,統計.p99ms,英字1文字・英単語または略号・数字,同上,同上,九十九パーセンタイル値ミリ秒,命名_区画004_2026-09-12.md
004,blitz_app,crates/blitz_app/src/app/frame_dump/frame_timing/frame_timing_tests.rs,15,統計.最大ms,英単語または略号,条件2,単位をASCII記号へ切り詰めている,最大ミリ秒,命名_区画004_2026-09-12.md
004,blitz_app,crates/blitz_app/src/app/frame_dump/frame_timing/frame_timing_tests.rs,16,統計.二十五ms超過数,英単語または略号,条件2・呼称と語の選択条1(圧縮の禁止),漢数字「二十五」とASCII単位「ms」と漢字「超過数」が1つの語の中で3種の文字体系を圧縮結合しており、「二十五ミリ秒を超えた回数」だと一読で読み取れない,二十五ミリ秒超過数,命名_区画004_2026-09-12.md
004,blitz_app,crates/blitz_app/src/app/frame_dump/frame_dump/cluster_assignment_check.rs,10,報告する(pub(super) fn、ASCIIモジュールcluster_assignment_check直下),英単語または略号,条件2・条件3・条件5,"呼び出し側はpresentation_dump.rsからcluster_assignment_check::報告する(アプリ, 視点情報)と読む。モジュール名cluster_assignment_checkはASCIIであり受理条件2により補完力ゼロのため、「報告する」だけでは何を報告するか(クラスタ選別の割り当て統計)が識別子から分からない。create::生成する型の裸の動詞そのものである",クラスタ選別の割り当て統計を報告する,命名_区画004_2026-09-12.md
004,blitz_app,crates/blitz_app/src/app/frame_dump/frame_dump/sky_pixel_check.rs,14,照合する(pub(super) fn、ASCIIモジュールsky_pixel_check直下),英単語または略号,条件2・条件3・条件5,"presentation_dump.rsからsky_pixel_check::照合する(アプリ, &画像, 視点情報)と呼ばれる。何と何を照合するか(空の代表画素と天空の再現条件)が名前に無い",空代表画素を照合する,命名_区画004_2026-09-12.md
004,blitz_app,crates/blitz_app/src/app/frame_dump/frame_dump/indirect_probe_check.rs,14,照合する(同上、モジュールindirect_probe_check),英単語または略号,条件2・条件3・条件5,indirect_probe_check::照合する(...)と呼ばれ、何を照合するか(間接照明代表板の解析入力)が名前に無い,間接照明代表板を照合する,命名_区画004_2026-09-12.md
004,blitz_app,crates/blitz_app/src/app/frame_dump/frame_dump/depth_dump.rs,18,読み戻して書き出す(pub(super) fn、モジュールdepth_dump),英単語または略号,条件2・条件3・条件5,呼び出し側はdepth_dump::読み戻して書き出す(...)と読む。何を読み戻して書き出すか(最終深度)が名前に無い,最終深度を読み戻して書き出す,命名_区画004_2026-09-12.md
004,blitz_app,crates/blitz_app/src/app/frame_dump/frame_dump/hdr_dump.rs,17,読み戻して書き出す(モジュールhdr_dump),英単語または略号,条件2・条件3・条件5,hdr_dump::読み戻して書き出す(...)。何を読み戻すか(明るさの圧縮前の中間画像)が名前に無い,明るさ圧縮前画像を読み戻して書き出す,命名_区画004_2026-09-12.md
004,blitz_app,crates/blitz_app/src/app/frame_dump/frame_dump/presentation_dump.rs,16,読み戻して書き出す(モジュールpresentation_dump),英単語または略号,条件2・条件3・条件5,presentation_dump::読み戻して書き出す(...)。何を読み戻すか(提示画像)が名前に無い,提示画像を読み戻して書き出す,命名_区画004_2026-09-12.md
004,blitz_app,crates/blitz_app/src/app/frame_dump/frame_dump/dump_destination.rs,18,決める(pub(super) fn、モジュールdump_destination),英単語または略号,条件2・条件3・条件5,"dump_destination::決める(アプリ, 基準名, アクション)と呼ばれる。何を決めるか(ダンプ先のファイル名)が名前に無い",ダンプ先のパスを決める,命名_区画004_2026-09-12.md
004,blitz_app,crates/blitz_app/src/app/frame_dump/primitive_draw_item_registry/refill.rs,13,詰め直す(pub(super) fn、モジュールrefill),英単語または略号,条件2・条件3(境界は弱いが該当),"refill::詰め直す(台帳, 受け皿)と呼ばれる想定。何を詰め直すか(プリミティブ描画発行)が名前に無い",プリミティブ描画発行を詰め直す,命名_区画004_2026-09-12.md
005,blitz_app,crates/blitz_app/src/app/scene_load/convert.rs,59,頂点変換する,なし,日本語命名の質(単語らしく見せるための助詞省略の禁止),同じファイルの兄弟関数メッシュを変換する(55行目)は目的語に「を」を付けているのに、この関数だけ「頂点」+「変換する」を助詞なしで直結しており、「大気LUT生成指示」型の膠着圧縮になっている,改名素案: 頂点を変換する,命名_区画005_2026-09-12.md
005,blitz_app,crates/blitz_app/src/app/scene_load/render_input/anchor.rs,11,導出する(anchor::導出するとして呼ばれる),英単語または略号,受理条件3(5W1Hの必要格)・条5(裸の動詞の禁止),"anchorはASCIIモジュール名であり補完力ゼロ。呼び出し側はanchor::導出する(シーン, 束座標, ...)と裸の動詞だけで呼んでおり、「導出する」だけでは何を導出するのか(基準原点)が単独で読めない。create::生成する型の違反と同型",改名素案: 基準原点を導出する,命名_区画005_2026-09-12.md
005,blitz_app,crates/blitz_app/src/app/scene_load/render_input/layout.rs,8,配置する(layout::配置するとして呼ばれる),英単語または略号,受理条件3・条5,ASCIIモジュールlayout直下の自由関数で目的語が無く、何を配置するのか(格子内でのワールド変換)が名前だけで読めない,改名素案: 格子内の配置変換を求める,命名_区画005_2026-09-12.md
005,blitz_app,crates/blitz_app/src/app/scene_load/render_input/material_slots.rs,14,変換する(material_slots::変換するとして呼ばれる),英単語または略号,受理条件3・条5,ASCIIモジュール直下の自由関数で目的語が無く、材質集合を何へ変換するのかが読めない,改名素案: 材質集合を材質スロット素材一覧へ変換する,命名_区画005_2026-09-12.md
005,blitz_app,crates/blitz_app/src/app/scene_load/render_input.rs,58,変換する(render_input::変換するとして呼ばれる),英単語または略号,受理条件3・条5,ASCIIモジュールrender_input直下の自由関数で目的語が無い。scene_load.rs側でシーンをレンダラー入力に変換するという正しい名のラッパーを別に持っているのに、内側のこの名前自体は裸のまま残っている,改名素案: シーンを束の描画入力へ変換する,命名_区画005_2026-09-12.md
005,blitz_app,crates/blitz_app/src/app/scene_load/render_input/instance_transforms.rs,10,組み立てる(instance_transforms::組み立てるとして呼ばれる),英単語または略号,受理条件3・条5,ASCIIモジュール直下の自由関数で目的語が無く、何を組み立てるのか(個体変換列)が読めない,改名素案: 個体変換列を組み立てる,命名_区画005_2026-09-12.md
005,blitz_app,crates/blitz_app/src/app/streaming/bundle_sync.rs,42,適用する(bundle_sync::適用するとして呼ばれる),英単語または略号,受理条件3・条5,ASCIIモジュール直下の自由関数で目的語が無く、何を適用するのか(そのフレームの進行)が読めない,改名素案: フレームの進行を束へ適用する,命名_区画005_2026-09-12.md
005,blitz_app,crates/blitz_app/src/app/streaming/integration_route.rs,38,経路端点,なし,受理条件4(品詞の規律),関数(処理)なのに名詞句で命名されている。同ファイルの統合経路を作るは動詞句なのに、これだけ名詞のままで、値を返す計算なのか単なる定数保持なのか名前から判断できない,改名素案: xメートルから経路端点を求める,命名_区画005_2026-09-12.md
005,blitz_app,crates/blitz_app/src/app/streaming/integration_route.rs,29,統合経路の経過,なし,受理条件4,関数なのに名詞句。同じ問題を持つroute.rs側の兄弟(位置を求める)は動詞句で統一されているのに、ここだけ名詞形になっている,改名素案: 統合経路の経過を求める,命名_区画005_2026-09-12.md
005,blitz_app,crates/blitz_app/src/app/streaming/integration_route.rs,34,整定込みの経過,なし,受理条件4,同上。関数なのに名詞句,改名素案: 整定込みの経過を求める,命名_区画005_2026-09-12.md
005,blitz_app,crates/blitz_app/src/app/streaming/route.rs,20,統合Dod経路(プレイヤー位置決定の枝),英単語または略号,受理条件7(直訳・未定義語の検出)、専門用語の表記(初出補足なしの新語),「Dod」は_doc/計画/ユビキタス言語.mdに未登録で、grepでも他に定義が見当たらない。英語のDefinition of Doneを指すと推測されるが、この名前だけからは復元できず、ASCII文字が日本語識別子へ直接混入してもいる,改名素案: 統合検収経路(検収の文脈をそのまま日本語で表す)。もし別の意味で使っているなら、まずユビキタス言語へ定義を足してから使う,命名_区画005_2026-09-12.md
006,blitz_app,crates/blitz_app/src/app/time_of_day/wiring/create.rs,29,生成する(モジュール直下の自由関数),なし,条件5(裸の動詞の禁止),ASCIIモジュールcreate直下の自由関数であり、呼び出し側create::生成する(材料)のモジュール名は英語で読まれない前提のため、名前単独では「何を生成するか」が答えられない。受理条件の例示create::生成するとまったく同じ形である,天空配線を生成する,命名_区画006_2026-09-12.md
006,blitz_app,crates/blitz_app/src/app/time_of_day/aerial_input.rs,20,組む(モジュール直下の自由関数),なし,条件5,ASCIIモジュールaerial_input直下の自由関数。呼び出し側はaerial_input::組む(...)であり、モジュール名は補完力を持たないため「何を組むか」が名前に無い,空中遠近の入力を組む,命名_区画006_2026-09-12.md
006,blitz_app,crates/blitz_app/src/app/time_of_day/atmosphere_input.rs,31,組む(モジュール直下の自由関数),なし,条件5,同上。ASCIIモジュールatmosphere_input直下で、呼び出し側atmosphere_input::組む(...)のモジュール名は補完力ゼロ,大気入力を組む,命名_区画006_2026-09-12.md
006,blitz_app,crates/blitz_app/src/app/time_of_day/distant_environment_input.rs,31,組む(モジュール直下の自由関数),なし,条件5,同上。ASCIIモジュールdistant_environment_input直下で、呼び出し側distant_environment_input::組む(...)のモジュール名は補完力ゼロ,遠方環境入力を組む,命名_区画006_2026-09-12.md
006,blitz_app,crates/blitz_app/src/app/time_of_day/step_scan.rs,66,積む(モジュール直下の自由関数),なし,条件5・条件3,ASCIIモジュールstep_scan直下の自由関数であり、何を(撮影を)どこへ(撮影一覧へ)積むかが名前に無い。引数を読んで初めて分かる,撮影を撮影一覧へ積む,命名_区画006_2026-09-12.md
006,blitz_app,crates/blitz_app/src/app/time_of_day/wiring.rs,40,空を描く(struct 天空配線のbool型フィールド),英単語または略号,条件4(品詞の規律),真偽値のフィールドなのに動詞句のままで「か」が無く、「(これから)空を描け」という命令・宣言文に読める。同じ型が公開する読み出しメソッドは空を描くかであり、フィールドと公開APIで語尾が食い違っている,空を描くか,命名_区画006_2026-09-12.md
006,blitz_app,crates/blitz_app/src/app/time_of_day/wiring.rs,52,明示境界を使わない(bool型フィールド、2箇所),英単語または略号・数字,条件4,真偽値なのに「〜ない」という否定の宣言文で終わり「か」が無い。「使うな」という指示文にも読める,明示境界を使わないか,命名_区画006_2026-09-12.md
006,blitz_app,crates/blitz_app/src/app/time_of_day/sky_input.rs,32,確定値(ジェネリックな内部関数),なし,条件4,名詞形だが、実体はResultをunwrapし、失敗時にpanicで停止する処理(副作用を持つ判定処理)である。値を運ぶだけの名詞に見えて、実際は「不変条件を検査して確定させる」という動作を隠している,不変条件を確認して取り出す,命名_区画006_2026-09-12.md
007,blitz_app,crates/blitz_app/src/app/window_setup/window_create.rs,12,window_create::生成する,英単語または略号,受理条件2(ASCIIモジュール直下の自由関数は名前単独で答える)・条件5(裸の動詞の禁止),window_createはASCII名のモジュールで、中身は生成する()という関数1つだけである。定義そのものが挙げる不合格実例create::生成すると同型であり、呼び出し側window_create::生成する(event_loop)を読んでも「何を生成するか」が分からない(型名やレシーバによる日本語の補完が無い),ウィンドウを生成する(モジュール名はASCIIのままでよいが、関数名に目的語を持たせる),命名_区画007_2026-09-12.md
007,blitz_app,crates/blitz_app/src/main.rs,50,"実行する(fn 実行する() -> Result<ExitCode, 起動エラー>、main.rsはクレート起点でASCII名の位置づけ)",英単語または略号,受理条件2・3(5W1Hの必要格)・5(裸の動詞の禁止。定義が挙げる禁止語のリストに実行するが名指しされている),クレート起点のmain()から実行する()と呼ぶだけで、CLI引数を解析して起動要求へ分岐する処理だと復元できない。「これは何?」への答えが「実行する処理です」以上に進まない,起動要求を解析して実行する,命名_区画007_2026-09-12.md
008,blitz_app,crates/blitz_app/src/cli/path_args.rs,13,shader_source引数を処理する,英単語または略号,条件2,ASCII識別子(shader_source)は読まれないものとして扱う規約に反し、しかも一緒に読む日本語の型名・レシーバが無いためASCIIの部分が補完されない。読み手はcrate外の--shader-sourceという綴りを知らないと関数名の前半を読めない,シェーダー入口の指定の引数を処理する,命名_区画008_2026-09-12.md
008,blitz_app,crates/blitz_app/src/cli/path_args.rs,20,asset_root引数を処理する,英単語または略号,条件2,同上(asset_rootがASCIIのまま識別子の一部になっている),アセットルートの指定の引数を処理する,命名_区画008_2026-09-12.md
008,blitz_app,crates/blitz_app/src/cli/placement_args.rs,36,global_offset引数を処理する,英単語または略号,条件2,同上(global_offset),大域ずらし量の引数を処理する,命名_区画008_2026-09-12.md
008,blitz_app,crates/blitz_app/src/cli/placement_args.rs,51,camera_pitch引数を処理する,英単語または略号,条件2,同上(camera_pitch),カメラ俯角の引数を処理する,命名_区画008_2026-09-12.md
008,blitz_app,crates/blitz_app/src/cli/placement_args.rs,63,camera_yaw引数を処理する,英単語または略号,条件2,同上(camera_yaw),カメラ方位の引数を処理する,命名_区画008_2026-09-12.md
008,blitz_app,crates/blitz_app/src/cli/placement_args.rs,75,camera_nudge引数を処理する,英単語または略号,条件2,同上(camera_nudge),カメラずれの引数を処理する,命名_区画008_2026-09-12.md
008,blitz_app,crates/blitz_app/src/cli/instance_lod_args.rs,13,lod_probe_step引数を処理する,英単語または略号,条件2,同上(lod_probe_step),個体別lod探査刻みの引数を処理する,命名_区画008_2026-09-12.md
008,blitz_app,crates/blitz_app/src/cli/cloth_reference_args.rs,14,cloth_xpbd_reference引数を処理する,英単語または略号,条件2,同上(cloth_xpbd_reference),布のxpbd参照比較の引数を処理する,命名_区画008_2026-09-12.md
008,blitz_app,crates/blitz_app/src/cli/cloth_reference_args.rs,30,cloth_xpbd_reference_bending引数を処理する,英単語または略号,条件2,同上(cloth_xpbd_reference_bending),布の曲げのコンプライアンスの引数を処理する,命名_区画008_2026-09-12.md
008,blitz_app,crates/blitz_app/src/cli/cloth_reference_args.rs,55,cloth_xpbd_reference_shape引数を処理する,英単語または略号,条件2,同上(cloth_xpbd_reference_shape),参照比較の題材の形の引数を処理する,命名_区画008_2026-09-12.md
008,blitz_app,crates/blitz_app/src/cli/lod_crack_args.rs,33,i32を読む,英字1文字・数字,条件2,ASCIIの型名i32が識別子の先頭に来ており、Rustの型を知らない読み手には「何を読むか」が伝わらない。同ファイルには型を伴わない数を読む(ibl_step_scan_args.rs)という書き方が既にあり、こちらだけ型名を裸で出している,一方の成分を読む(呼び出し位置に応じて命名。汎用にするなら整数を読む),命名_区画008_2026-09-12.md
008,blitz_app,crates/blitz_app/src/cli/lod_crack_args.rs,38,u8を読む,英字1文字・数字,条件2,同上(u8),詳細段の番号を読む,命名_区画008_2026-09-12.md
008,blitz_app,crates/blitz_app/src/cli/object_count.rs,24,usize値,英単語または略号,条件2,ASCIIの型名usizeをそのまま名詞へ連結しており、Rustの型システムを知らない読み手には「値」が何の値かの手掛かりが型名のASCIIに依存する,件数として取り出す,命名_区画008_2026-09-12.md
008,blitz_app,crates/blitz_app/src/cli/modes.rs,35-37,Sph512 Sph1024 Sph2048,英単語または略号・数字,条件1・条件3,「これは何?」に単独で答えられない(512/1024/2048が粒子数なのか解像度なのか格が無い)。ユビキタス言語に登録された表記はSPH(全大文字)であり、この3枝はSph(先頭のみ大文字)と綴りが違う。オーナー実例の「段階A2の候補」と同型(略号+数字の圧縮),SPH粒子512個 SPH粒子1024個 SPH粒子2048個(粒子数であることを格で示す。オーナー確認要),命名_区画008_2026-09-12.md
009,blitz_app,crates/blitz_app/src/cli 第2区画/streaming_settings.rs,22,Ow3Dod経路 (enum プレイヤー位置源 の枝),英単語または略号・数字,受理条件1・識別子へのASCII英字/数字の混入禁止(実例3参照),「Ow3Dod」は大文字小文字と数字を混ぜた短縮ラベルで、cargo xtask ow3-dodという外部コマンド名を知らないと1文字も復元できない。オーナーが不合格にした「段階A2」と同じ「コード化した略号を識別子に持ち込む」形である,大規模世界定点巡回経路(またはOW3のDoD検証で使う経路であることを名前へ書いた別案。ASCIIのxtaskコマンド名は参照:コメントへ移す),命名_区画009_2026-09-12.md
009,blitz_app,crates/blitz_app/src/cli 第2区画/value_args.rs,18,frames引数を処理する,英単語または略号,受理条件2・7,ASCII語「frames」は英語を知らない読み手には読めず、モジュール名(value_args、ASCII)も補完に使えない。同じ概念を指す日本語「フレーム数」がすぐ下の行(起動引数エラー::フレーム数不正)に既にあり、1つの値に英語表記と日本語表記が両方存在する状態になっている,フレーム数引数を処理する,命名_区画009_2026-09-12.md
009,blitz_app,crates/blitz_app/src/cli 第2区画/value_args.rs,24,benchmark_frames引数を処理する,英単語または略号,受理条件2・7,同上。「benchmark」を知らないと復元できない,ベンチのフレーム数引数を処理する,命名_区画009_2026-09-12.md
009,blitz_app,crates/blitz_app/src/cli 第2区画/value_args.rs,30,scene引数を処理する,英単語または略号,受理条件2・7,「scene」は英単語のまま。戻り値型起動時シーンがあるのに関数名は英語のまま,シーン引数を処理する,命名_区画009_2026-09-12.md
009,blitz_app,crates/blitz_app/src/cli 第2区画/value_args.rs,34,object_count引数を処理する,英単語または略号,受理条件2・7,「object_count」は英語のまま。同じ概念の日本語「描画対象数」がファイル内に既出,描画対象数引数を処理する,命名_区画009_2026-09-12.md
009,blitz_app,crates/blitz_app/src/cli 第2区画/value_args.rs,74,exposure引数を処理する,英単語または略号,受理条件2・7,「exposure」は英語のまま。戻り値型露出倍率が日本語であるのに関数名だけ英語,露出引数を処理する,命名_区画009_2026-09-12.md
009,blitz_app,crates/blitz_app/src/cli 第2区画/value_args.rs,80,blend引数を処理する,英単語または略号,受理条件2・7,「blend」は英語のまま。戻り値型アニメーションのブレンド係数は日本語(カタカナ)であるのに関数名だけ英語,ブレンド引数を処理する,命名_区画009_2026-09-12.md
009,blitz_app,crates/blitz_app/src/cli 第2区画/shadow_args.rs,45,shadow_resolution引数を処理する,英単語または略号,受理条件2・7,「shadow_resolution」は英語のまま。戻り値型影の一辺解像度は日本語であるのに関数名だけ英語,影の一辺解像度引数を処理する,命名_区画009_2026-09-12.md
009,blitz_app,crates/blitz_app/src/cli 第2区画/shadow_args.rs,53,max_shadow_distance引数を処理する,英単語または略号,受理条件2・7,同上。戻り値型メートルだが対応する設定フィールドは最大影距離,最大影距離引数を処理する,命名_区画009_2026-09-12.md
009,blitz_app,crates/blitz_app/src/cli 第2区画/shadow_args.rs,63,shadow_caster_range引数を処理する,英単語または略号,受理条件2・7,同上。戻り値型影の視距離が日本語,影の視距離引数を処理する,命名_区画009_2026-09-12.md
009,blitz_app,crates/blitz_app/src/cli 第2区画/shadow_args.rs,70,caster_margin引数を処理する,英単語または略号,受理条件2・7,同上。対応する設定フィールドはキャスター余白,キャスター余白引数を処理する,命名_区画009_2026-09-12.md
009,blitz_app,crates/blitz_app/src/cli 第2区画/time_args.rs,12,time_of_day引数を処理する,英単語または略号,受理条件2・7,「time_of_day」は英語のまま。対応するフィールドは一日内時刻の秒,一日内時刻引数を処理する,命名_区画009_2026-09-12.md
009,blitz_app,crates/blitz_app/src/cli 第2区画/time_args.rs,22,time_scale引数を処理する,英単語または略号,受理条件2・7,同上。戻り値型時間倍率が日本語,時間倍率引数を処理する,命名_区画009_2026-09-12.md
009,blitz_app,crates/blitz_app/src/cli 第2区画/screen_pixel_args.rs,19,report_sky_pixel引数を処理する,英単語または略号,受理条件2・7,「report_sky_pixel」は英語のまま。戻り値Vec<画面画素位置>、対応フィールドは空の代表画素,空の代表画素引数を処理する,命名_区画009_2026-09-12.md
009,blitz_app,crates/blitz_app/src/cli 第2区画/streaming_settings.rs,"27,",LOD継ぎ目検査設定(型)/lod継ぎ目検査(フィールド)/Lod継ぎ目検査不正(使用箇所のエラー枝),英単語または略号,日本語命名の質(頭字語の禁止)・受理条件6(1語1義),「LOD」はCPU/GPU/UI/APIのような一般に通用している語ではなく、非専門家には復元できない頭字語である。しかも同じ概念を指す綴りがLOD(型名)・lod(フィールド名)・Lod(setting_apply.rs内のエラー枝呼び出し)の3通りに揺れている。同じクレート内に「地形詳細段」「個体詳細段」というLODの確立した訳語が既にあるのに、この一群だけ英語の頭字語のまま残っている,詳細段継ぎ目検査設定/詳細段継ぎ目検査/詳細段継ぎ目検査不正のように確立訳語へ統一する,命名_区画009_2026-09-12.md
009,blitz_app,crates/blitz_app/src/cli 第2区画/screen_pixel_args.rs,"20,26",空代表画素不正,なし,日本語命名の質(助詞を省いた膠着圧縮の禁止),同じ概念を指す設定フィールド名は空の代表画素(の入り)なのに、エラー枝の名前だけ助詞を落として空代表画素と圧縮されている。「大気LUT生成指示」を「大気のベイク済み画像の生成指示」に直した規範と同じ違反であり、フィールド名と1文字も揃わないため同じ概念だと即座には気づけない,空の代表画素不正,命名_区画009_2026-09-12.md
010,blitz_app,crates/blitz_app/src/embedded_shaders/spirv_checks/spirv_module.rs,38,名前からidを引く,英単語または略号,条件7(直訳の検出質問)。日本語命名の質「英語の直訳調を禁止する」に明記の禁止語そのもの,「引く」はlookupの直訳であり、英語を知らない読み手は「名前からidを引く」から「参照して取り出す」という動作を復元できない。プロジェクトはこの語を明示的に確定訳語(lookup/sampleの「引く」→「参照する」)で禁じている,名前からidを参照する,命名_区画010_2026-09-12.md
010,blitz_app,crates/blitz_app/src/embedded_shaders/spirv_checks/spirv_module.rs,55,位置の組み込み出力のidを引く,英単語または略号,条件7。同上,同上(「引く」がlookupの直訳),位置の組み込み出力のidを参照する,命名_区画010_2026-09-12.md
010,blitz_app,crates/blitz_app/src/cli/streaming_settings/fixed_route.rs,35,経路端点(自由関数名),なし,条件4(品詞の規律),実体は東西南北のメートル値から大域ワールド位置を組み立てる処理(動詞句であるべき)だが、名前が裸の名詞「経路端点」のみで、値と処理の区別がこの名前から取れない(品詞の偽装),経路端点を組み立てる,命名_区画010_2026-09-12.md
011,blitz_app,crates/blitz_app/src/game/instrument.rs,21,完全性で動かなかった刻みの数(フィールド),なし,条件1(受理テスト)・条件7(直訳/意味復元の失敗),「AでBした」という日本語の「で」は原因・手段を表す通常の用法であり(例: 「事故で電車が遅れた」)、この名前は素直に読むと「完全性という状態が原因でその刻みが動かなかった」と読める。ところが実体は逆で、同じファイルの行末コメント「問い合わせが評価できない領域を含み、位置も移動状態も動かさなかった刻みの累計」が示すとおり、動かなかった原因は**不完全**な評価(掃引の完全性::評価できない領域を含む)である。名前の語(完全性)が指す方向と実体の条件(不完全性)が逆転しており、コメント無しでは正反対の意味に復元されうる,評価未完で動かなかった刻みの数 または 評価できない領域を含み動かなかった刻みの数,命名_区画011_2026-09-12.md
011,blitz_app,crates/blitz_app/src/game/instrument.rs,35,完全性で保った描画の数(フィールド),なし,条件1・条件7,同型の逆転。実体は「掃引の答えが評価できない領域を含み、前の表示距離を保った描画の累計」(行末コメント)であり、保った原因は不完全な評価である。名前は「完全性で(＝完全性ゆえに)保った」と読め、実体の不完全性と逆の印象を与える,評価未完で保った描画の数,命名_区画011_2026-09-12.md
011,blitz_app,crates/blitz_app/src/game/camera_wiring.rs,33,完全性で保った描画の数,なし,条件1・条件7,上記2と同じ実体(プレイヤーカメラの配線が持つ累計)。ここでの意味は「遮蔽の判定::評価できず前の表示距離を保った」場合に加算される値であり、原因はやはり不完全な評価であって「完全性」そのものではない,同上,命名_区画011_2026-09-12.md
011,blitz_app,crates/blitz_app/src/game/movement_record.rs,22,完全性で動かなかった刻みの数,なし,条件1・条件7,上記1と同じ実体(移動の観測の記録が持つ累計)。原因は観測.完全性で動かなかったか(blitz_game側の真偽フィールド。本区画の外にあるため直接の改名対象ではないが、この区画側の累計フィールド名がその意味を引き継いで同じ逆転を持つ),評価未完で動かなかった刻みの数,命名_区画011_2026-09-12.md
012,blitz_app,crates/blitz_app/src/hot_reload/mtime.rs,6,取得する(パス: &Path) -> std::io::Result<SystemTime>,英単語または略号,条件1・2・3・5,ASCIIモジュールmtime直下の自由関数であり補完力ゼロ。「取得する」だけでは何を取得するのか(最終更新時刻)が名前に無く、create::生成すると同型の裸の動詞である,最終更新時刻を取得する,命名_区画012_2026-09-12.md
012,blitz_app,crates/blitz_app/src/hot_reload/slangc.rs,24,"発見する() -> Result<スランガー位置, ...>",英単語または略号,条件1・2・3・5,ASCIIモジュールslangc直下の自由関数で補完力ゼロ。「発見する」単独では何を発見するのか(slangcの実行位置)が復元できない,スランガーの実行位置を発見する,命名_区画012_2026-09-12.md
012,blitz_app,crates/blitz_app/src/input/confirm.rs,18,確定する(状態: &mut 入力状態) -> カメラインテント,英単語または略号,条件1・2・3・5,ASCIIモジュールconfirm直下の自由関数で補完力ゼロ。状態は第一引数でありレシーバではないため型による補完も働かない。「確定する」単独では何を確定するのか(蓄積からカメラインテントを確定する)が分からない,蓄積からカメラインテントを確定する,命名_区画012_2026-09-12.md
012,blitz_app,crates/blitz_app/src/input/ingest.rs,13,"取り込む(状態: &mut 入力状態, event: &WindowEvent)",英単語または略号,条件1・2・3・5,ASCIIモジュールingest直下の自由関数で補完力ゼロ。「取り込む」単独では何を取り込むのか(winitのウィンドウ事象)が分からない,winit事象を入力状態へ反映する,命名_区画012_2026-09-12.md
012,blitz_app,crates/blitz_app/src/overlay_ui/mesh_convert.rs,7,"変換する(一覧: &[egui::ClippedPrimitive], pixels_per_point: f32) -> blitz_render::UI描画データ",英字1文字・英単語または略号・数字,条件1・2・3・5,ASCIIモジュールmesh_convert直下の自由関数で補完力ゼロ。「変換する」単独では何から何への変換か(egui図形一覧からUI描画データ)が分からない。同ファイル内の私有関数メッシュへ変換するは着点を持ち合格だが、この公開の入口だけ裸である,図形一覧をUI描画データへ変換する,命名_区画012_2026-09-12.md
012,blitz_app,crates/blitz_app/src/overlay_ui/scissor_convert.rs,6,"変換する(clip_rect: egui::Rect, pixels_per_point: f32) -> blitz_render::UIシザー矩形px",英字1文字・英単語または略号・数字,条件1・2・3・5,ASCIIモジュールscissor_convert直下の自由関数で補完力ゼロ。「変換する」単独では何を変換するのか(eguiのクリップ矩形)が分からない,クリップ矩形をUIシザー矩形pxへ変換する,命名_区画012_2026-09-12.md
012,blitz_app,crates/blitz_app/src/overlay_ui/texture_id_map.rs,4,変換する(id: egui::TextureId) -> blitz_render::UIテクスチャID,英単語または略号,条件1・2・3・5,ASCIIモジュールtexture_id_map直下の自由関数で補完力ゼロ。「変換する」単独では何を変換するのか(eguiのテクスチャID)が分からない,eguiのテクスチャIDをUIテクスチャIDへ変換する,命名_区画012_2026-09-12.md
012,blitz_app,crates/blitz_app/src/overlay_ui/texture_sync.rs,7,"反映する(レンダラー: &mut ..., デルタ: &egui::TexturesDelta, ミラー: &mut テクスチャミラー) -> Result<(), 起動エラー>",英単語または略号,条件1・2・3・5,ASCIIモジュールtexture_sync直下の自由関数で補完力ゼロ。「反映する」単独では何をどこへ反映するのか(eguiのテクスチャ差分をレンダラーへ)が分からない,テクスチャ差分をレンダラーへ反映する,命名_区画012_2026-09-12.md
012,blitz_app,crates/blitz_app/src/overlay_ui/stats.rs,6,フィールドvalidation件数: u64,英字1文字・英単語または略号・数字,日本語命名の質(頭字語・省略語の非翻訳),英語「validation」がそのまま日本語識別子へ混入している。Vulkanの検証層に関する専門語であり、UI/CPU/GPU/APIのような一般周知語ではないため、非専門家が読めない,検証エラー警告件数(または検証件数。用語定義ファイルへ登録のうえで使う),命名_区画012_2026-09-12.md
013,blitz_app,crates/blitz_app/src/reports/gpu_time_table.rs,9,表示する(pub(crate) fn 表示する(表: &[...])),英単語または略号,条件2・条件3・条件5,呼び出し側はcrate::reports::gpu_time_table::表示する(&self.パス別gpu時間を取得する())(app/exit_report.rs:16)というASCIIモジュール直下の完全修飾で呼ぶため、モジュール名は補完力ゼロであり「表示する」単独では「何を表示するか」が読めない。create::生成する型の裸の動詞と同型,パス別gpu時間の表を表示する,命名_区画013_2026-09-12.md
013,blitz_app,crates/blitz_app/src/reports/gpu_frame_samples.rs,12,表示する(pub(crate) fn 表示する(標本一覧: &[フレーム別の標本])),英単語または略号,条件2・条件3・条件5,呼び出し側はcrate::reports::gpu_frame_samples::表示する(...)(app/exit_report.rs:19)。ASCIIモジュール名からの補完不可、「何を」が欠落,パス別gpu時間のフレーム別生値を表示する,命名_区画013_2026-09-12.md
013,blitz_app,crates/blitz_app/src/reports/streaming_summary.rs,6,表示する(pub(crate) fn 表示する(要約: &ストリーミング要約)),英単語または略号,条件2・条件3・条件5,呼び出し側はstreaming_summary::表示する(&要約)(app/exit_report.rs:91)。ASCIIモジュール名からの補完不可,ストリーミング要約を表示する,命名_区画013_2026-09-12.md
013,blitz_app,crates/blitz_app/src/reports/auto_exposure.rs,20,"報告する(pub(crate) fn 報告する(画像: &HDR読み戻し画像, 観測: &自動露出の観測, 探り色: Option<[f32; 3]>))",英字1文字・英単語または略号・数字,条件2・条件3・条件5,"呼び出し側はcrate::reports::auto_exposure::報告する(画像, &観測, 探り色)(app/frame_dump/hdr_dump.rs:49)。ASCIIモジュール名からの補完不可、「何を」報告するのかが名前に無い",自動露出の照合行を出す,命名_区画013_2026-09-12.md
013,blitz_app,crates/blitz_app/src/reports/local_visibility.rs,24,"報告する(pub(crate) fn 報告する(形: 合成深度の形, 正本: &局所可視度画像, 一枚目: &局所可視度読み戻し画像, 二枚目: &局所可視度読み戻し画像))",英単語または略号,条件2・条件3・条件5,"呼び出し側はlocal_visibility::報告する(形, &正本, &一枚目, &二枚目)(app/draw_dispatch/local_visibility_check.rs:61)。同型の裸の動詞",局所可視性の照合行を出す,命名_区画013_2026-09-12.md
013,blitz_app,crates/blitz_app/src/reports/cluster_assignment.rs,12,報告する(pub(crate) fn 報告する(統計: クラスタ選別の割り当て統計)),英単語または略号,条件2・条件3・条件5,呼び出し側はcrate::reports::cluster_assignment::報告する(統計)(app/frame_dump/cluster_assignment_check.rs:21)。ASCIIモジュール名からの補完不可,クラスタ割り当て統計を出す,命名_区画013_2026-09-12.md
013,blitz_app,crates/blitz_app/src/reports/sky_pixel.rs,18,線形をsrgb8bit相当へ変換する(pub(crate) use srgb_encode::線形をsrgb8bit相当へ変換する;),英単語または略号・数字,識別子への英字・記号の混入(受理条件の対象外形状),日本語の動詞句の中にsrgb8bitという英字と数字の連結が助詞なしで埋め込まれ、単語境界が読み取れない。他ファイル(reports/indirect_probe/row.rs:12)からも同名でuseされ、この綴りのまま外部境界を越える,線形色をsRGBの8ビット相当へ変換する(定義本体はsrgb_encode.rsにあり本区画の対象外だが、この綴りがsky_pixel.rsから再エクスポートされ他モジュールへ渡っている),命名_区画013_2026-09-12.md
013,blitz_app,crates/blitz_app/src/reports/display_timing.rs,9,実表示とみなす停止時間MS(const 実表示とみなす停止時間MS: f64 = 1.0;),英字1文字・英単語または略号・数字,識別子への英字の混入,日本語の名詞句の末尾へ単位の英字略号MSがそのまま連結されており、日本語の中に英語の単位記号が挟まる形になっている。同ファイル内の統計.p50ms等は他クレート(crate::app::フレーム時間統計)の外部フィールドで本区画の定義対象外,実表示とみなす停止時間ミリ秒,命名_区画013_2026-09-12.md
014,blitz_app,crates/blitz_app/src/reports/indirect_probe/specular_lookup.rs,60,添字を実数へ,なし,条件1(受理テスト)・条件4(品詞の規律),「添字を実数へ」は格助詞「へ」で終わり、着地する動詞が無いため文として完結しない。単独で読むと「添字を実数へ……(どうする?)」で止まり、「これは何?」への答えとして成立しない。同じファイルの他関数(段を混ぜる・手前の段を探す・面の添字)は動詞で終わるか名詞で完結しており、この関数だけが途中で切れている,添字を実数へ直す(または添字をf64へ変換する) crates/blitz_app/src/reports/distant_environment/scale.rs:24 円盤だけ変えた尺度 条件4(品詞の規律) この識別子は関数名であり、空描画方針から新しい尺度を組み立てる処理(処理=動詞句であるべき)なのに、名詞句「変えた尺度」で止まっている。同じファイルの姉妹関数尺度を作る(15行目)は正しく動詞「作る」で終わっており、対比するとこの関数だけ動詞が欠落している品詞の偽装だと分かる 円盤だけ変えた尺度を作る,命名_区画014_2026-09-12.md
014,blitz_app,crates/blitz_app/src/reports/distant_environment/bake.rs,51,空中遠近の条件,なし,条件4(品詞の規律),関数が観測条件から空中遠近観測条件を新規に組み立てて返す処理なのに、名前は「空中遠近の条件」という結果の名詞句で止まっている。同ファイルの焼く・不一致数は動詞または計測値の名詞で正しく書かれており、この関数だけ「組む」に類する動詞が欠けている,空中遠近の条件を組む,命名_区画014_2026-09-12.md
014,blitz_app,crates/blitz_app/src/reports/distant_environment/key_rows.rs,59,夜空を変えた鍵,なし,条件4(品詞の規律),空描画方針と観測条件から新しい遠方環境キーを導出して返す処理なのに、名詞句「変えた鍵」で止まっている。同ファイルの鍵を導く(50行目)は動詞で終わっており、対比するとこの関数だけ動詞が欠けている,夜空を変えた鍵を導く,命名_区画014_2026-09-12.md
015,blitz_app,crates/blitz_app/src/smoke/pixel_judgment/srgb_convert.rs,3,linearをsrgb8bit相当のf32へ変換する,英字1文字・英単語または略号・数字,条件6(1語1義)・条件7(直訳の検出),"同じ「線形色成分をsRGB相当へ変換する」処理が crates/blitz_app/src/reports/sky_pixel/srgb_encode.rs:5 では確立済みの日本語「線形」で 線形をsrgb8bit相当へ変換する と命名されているのに、こちらは英単語""linear""を生のまま使っている。英語のlinearを知らない読み手はこの識別子から「線形」を復元できず、同じクレート内の同じ概念が2つの語(linear/線形)で分裂している。ファイル冒頭の//!コメント自身は「リニア色成分」と訳しているのに、関数名だけ未翻訳のままである。改名の素案: 線形をsrgb8bit相当のf32へ変換する",,命名_区画015_2026-09-12.md
015,blitz_app,crates/blitz_app/src/smoke/plan.rs,17,現在フレームからquadシーンの動作を導出する,英単語または略号,条件2(ASCII識別子は補完力ゼロ)・条件7(直訳の検出),"関数名の中に英単語""quad""が翻訳されずそのまま埋め込まれている。同じファイルの兄弟関数はヘルメット・シャドウ・フォックスとすべて日本語(カタカナ)化しているのに、この1つだけ生の英字が残り、英語を知らない読み手は""quad""が何を指すか復元できない。しかも呼び出し元world_plan.rsではこの計画を選ぶ世界の種別が平面板(登録済みの日本語の列挙枝)であり、識別子の""quad""はその語と一致しない(同じ対象を指す語が識別子ごとに食い違っている)。改名の素案: 現在フレームから平面板シーンの動作を導出する",,命名_区画015_2026-09-12.md
018,blitz_assembly,crates/blitz_assembly/src/expansion/frame_tests/frame_placement_tests.rs,74,四分の一（let 四分の一 = std::f32::consts::FRAC_PI_4.sin();）,英字1文字・英単語または略号・数字,条件1（受理テスト）、実体と合わない語（オーナー不合格実例(a)と同型）,「四分の一」は日本語話者が読めば分数1/4すなわち数値0.25を意味する語である。しかしこの変数が保持するのはsin(45°)≈0.7071であり、90度回転（全周の4分の1回転）を表すクォータニオンの実部・虚部の大きさである。「四分の一」という名だけを読んだ読み手は値を0.25だと誤解する。同じ関数内のテスト名四面の壁が四分の一回転ずつ違う向きへ立つは「回転」を伴っているため正しく「4分の1回転」を指すが、変数名だけは「回転」の語を落としており、名前が実体（回転成分の大きさ）とずれている,四分の一回転の成分または四分の一回転のsin成分,命名_区画018_2026-09-12.md
018,blitz_assembly,crates/blitz_assembly/src/expansion/frame_tests/frame_rule_tests.rs,18,"件数を数える（fn 件数を数える(配置表: &部品ごとの配置表, 綴り: &str) -> usize）",英単語または略号,条件1（受理テスト）、条件3（5W1Hの必要格）,ASCIIモジュール直下の自由関数であるため名前単独で答える必要があるが、「件数を数える」は「件数という名の何かを数える」という同語反復であり、「何の件数か」（配置表の中で指定した綴りに一致する部品の件数）を全く含まない。単独で読むと対象不明の汎用カウンタにしか見えない,綴りに一致する配置の件数を数える,命名_区画018_2026-09-12.md
019,blitz_assembly,crates/blitz_assembly/src/mating/scaled_face.rs,72,軸に沿った伸び(自由関数),なし,条件4(品詞の規律),この関数は「その軸に沿って接合面の長さが何倍に伸びるか」を計算する処理(倍率を掛けた成分の長さを元の長さで割る)であり、値ではなく処理である。にもかかわらず動詞を持たない名詞句のまま定義されている。同じファイル内の同種の計算関数比を求める・長さを求める(いずれも動詞句)と並べると、この関数だけが「計算結果を保持する値のフィールド」であるかのように読める(品詞が処理を予告しない)。,軸に沿った伸びを求める,命名_区画019_2026-09-12.md
020,blitz_asset_compiler,crates/blitz_asset_compiler/examples/generate_source_assets/chunk_world.rs,25,書き出す,なし,"2,3,5",ASCIIモジュール名chunk_worldは補完力ゼロ。単独では板の共有バッファ・glTF文書・目録一式のどれを書き出すか不明,チャンク世界のソース一式を書き出す,命名_区画020_2026-09-12.md
020,blitz_asset_compiler,crates/blitz_asset_compiler/examples/generate_source_assets/night_lights_world.rs,40,書き出す,なし,"2,3,5",同上。夜の多光源世界のソース一式であることが名前に無い,夜の多光源世界のソース一式を書き出す,命名_区画020_2026-09-12.md
020,blitz_asset_compiler,crates/blitz_asset_compiler/examples/generate_source_assets/part_house_row_world.rs,36,書き出す,なし,"2,3,5",同上。家並みの地面という対象語が無い,家の並びの地面のソース一式を書き出す,命名_区画020_2026-09-12.md
020,blitz_asset_compiler,crates/blitz_asset_compiler/examples/generate_source_assets/part_frame_row_world.rs,39,書き出す,なし,"2,3,5",同上。骨格の並びの地面という対象語が無い,骨格の並びの地面のソース一式を書き出す,命名_区画020_2026-09-12.md
020,blitz_asset_compiler,crates/blitz_asset_compiler/examples/generate_source_assets/part_tree_row_world.rs,36,書き出す,なし,"2,3,5",同上。木の並びの地面という対象語が無い,木の並びの地面のソース一式を書き出す,命名_区画020_2026-09-12.md
020,blitz_asset_compiler,crates/blitz_asset_compiler/examples/generate_source_assets/stone_hut_world.rs,34,書き出す,なし,"2,3,5",同上。屋内検収世界のソース一式であることが名前に無い,屋内検収世界のソース一式を書き出す,命名_区画020_2026-09-12.md
020,blitz_asset_compiler,crates/blitz_asset_compiler/examples/generate_source_assets/surface_layer_tiles.rs,22,書き出す,なし,"2,3,5",同上。地表材質のタイル画像であることが名前に無い,地表材質のタイル画像一式を書き出す,命名_区画020_2026-09-12.md
020,blitz_asset_compiler,crates/blitz_asset_compiler/examples/generate_source_assets/terrain_visual_world.rs,46,書き出す,なし,"2,3,5",同上。目視見本世界のソース一式であることが名前に無い,目視見本世界のソース一式を書き出す,命名_区画020_2026-09-12.md
020,blitz_asset_compiler,crates/blitz_asset_compiler/examples/generate_source_assets/terrain_world.rs,28,書き出す,なし,"2,3,5",同上。地形検証用世界のソース一式であることが名前に無い,地形検証用世界のソース一式を書き出す,命名_区画020_2026-09-12.md
020,blitz_asset_compiler,crates/blitz_asset_compiler/examples/generate_source_assets/village_world.rs,34,書き出す,なし,"2,3,5",同上。見本の集落の地面であることが名前に無い,見本の集落の地面のソース一式を書き出す,命名_区画020_2026-09-12.md
020,blitz_asset_compiler,crates/blitz_asset_compiler/examples/generate_source_assets/vegetation_world.rs,42,書き出す,なし,"2,3,5",同上。植生検証世界の原型glTF一式であることが名前に無い,植生検証世界のソース一式を書き出す,命名_区画020_2026-09-12.md
020,blitz_asset_compiler,crates/blitz_asset_compiler/examples/generate_source_assets/fox_tour_world.rs,18,書き出す,なし,"2,3,5",同上。場所巡りの世界のソース一式であることが名前に無い(モジュール冒頭コメントには書いてあるが識別子には現れない),場所巡りの世界のソース一式を書き出す,命名_区画020_2026-09-12.md
020,blitz_asset_compiler,crates/blitz_asset_compiler/examples/generate_source_assets/smoke_assets.rs,11,書き出す,なし,"2,3,5",同上。スモーク検証用アセット一式(quad・シャドウ・材質境界・遠方環境)であることが名前に無い,スモーク検証アセット一式を書き出す,命名_区画020_2026-09-12.md
020,blitz_asset_compiler,crates/blitz_asset_compiler/examples/generate_source_assets/textures.rs,8,保存する,なし,"2,3,5",何を保存するかが無い。実体はquad用の2枚の単色PNG,quad用の単色画像2枚を保存する,命名_区画020_2026-09-12.md
020,blitz_asset_compiler,crates/blitz_asset_compiler/examples/generate_source_assets/shadow_scene_texture.rs,9,保存する,なし,"2,3,5",何を保存するかが無い。実体はシャドウ検証用の4x4白PNG1枚,シャドウ検証用の白画像を保存する,命名_区画020_2026-09-12.md
020,blitz_asset_compiler,crates/blitz_asset_compiler/examples/generate_source_assets/main.rs,68,実行する,なし,"2,3,5",main.rs直下の自由関数で目的語が無い。実体は起動引数を読んで書き出す対象を選び分岐実行する処理,起動引数から書き出しを実行する,命名_区画020_2026-09-12.md
020,blitz_asset_compiler,crates/blitz_asset_compiler/examples/compile_assets/main.rs,17,実行する,なし,"2,3,5",同上。実体は起動引数を読んでアセットのコンパイルを実行する処理,起動引数からコンパイルを実行する,命名_区画020_2026-09-12.md
020,blitz_asset_compiler,crates/blitz_asset_compiler/examples/generate_source_assets/gltf_json.rs,5,文書JSON,英単語または略号,日本語命名の質(膠着圧縮の禁止),「文書」と「JSON」を助詞なしで直結している。「文書のJSON表現」のような句を1語へ圧縮した形,文書のJSON文字列 または JSON形式の文書,命名_区画020_2026-09-12.md
020,blitz_asset_compiler,crates/blitz_asset_compiler/examples/generate_source_assets/shadow_scene_gltf_json.rs,6,文書JSON,英単語または略号,日本語命名の質(膠着圧縮の禁止),同上,同上,命名_区画020_2026-09-12.md
020,blitz_asset_compiler,crates/blitz_asset_compiler/examples/generate_source_assets/vegetation_world.rs,35,LOD共有バッファファイル名,英単語または略号,日本語命名の質(膠着圧縮の禁止),「LOD」「共有バッファ」「ファイル名」の3つの名詞を助詞なしで連結している。「LOD原型用の共有バッファのファイル名」のような句が圧縮されている,LOD原型用の共有バッファのファイル名,命名_区画020_2026-09-12.md
020,blitz_asset_compiler,crates/blitz_asset_compiler/examples/generate_source_assets/vegetation_world.rs,36,LOD原型文書ファイル名,英単語または略号,日本語命名の質(膠着圧縮の禁止),同上。「LOD原型のglTF文書のファイル名」の圧縮,LOD原型の文書のファイル名,命名_区画020_2026-09-12.md
021,blitz_asset_compiler,crates/blitz_asset_compiler/examples/generate_source_assets/fox_tour_world/source_writing/terrain_visual_world/gltf_json.rs,12,"文書(関数名。fn 文書(連結: &連結した立体, バイナリファイル名: &str) -> String)",英単語または略号,受理条件1(受理テスト)・4(品詞の規律),呼び出し先のモジュールgltf_jsonはASCIIで補完力ゼロ。「文書」は名詞1語であり、値を保持するフィールドのように読めてしまい、実体である「材質見本の立体のglTF文書を組み立てる処理」だと単独で答えられない。同じ区画内のobstacle_gltf_json.rsの遮蔽物のgltf文書を組み立てる、texture_compression_world/gltf_json.rsの対照の板のgltf文書を作る、vegetation_world/gltf_json.rsの文書を作るはいずれも動詞句であり、この2件だけが名詞1語で取り残されている,材質見本の立体のgltf文書を組み立てる,命名_区画021_2026-09-12.md
021,blitz_asset_compiler,crates/blitz_asset_compiler/examples/generate_source_assets/fox_tour_world/source_writing/terrain_visual_world/distant_ground.rs,54,文書(関数名。fn 文書(バイナリファイル名: &str) -> String),英単語または略号,受理条件1・4,同上。モジュールdistant_groundはASCII。「文書」だけでは何のglTF文書かも、値か処理かも単独で答えられない,遠景地面のgltf文書を組み立てる,命名_区画021_2026-09-12.md
021,blitz_asset_compiler,crates/blitz_asset_compiler/examples/generate_source_assets/fox_tour_world/source_writing/terrain_visual_world/geometry.rs,26,組み立てる(自由関数。pub(super) fn 組み立てる() -> 連結した立体),英単語または略号,受理条件1・2・5(裸の動詞の禁止),呼び出し元(terrain_visual_world.rs、区画外)ではgeometry::組み立てる()と書かれる。geometryはASCIIモジュール名で補完力ゼロのため、この自由関数は名前単独で「これは何をする処理か」に答える必要があるが、「組み立てる」だけでは目的語(球と台座をどう連結した何を組み立てるのか)が無く、create::生成する型の裸の動詞と同型の違反である,材質見本の立体を組み立てる,命名_区画021_2026-09-12.md
021,blitz_asset_compiler,crates/blitz_asset_compiler/examples/generate_source_assets/fox_tour_world/source_writing/vegetation_world/gltf_json.rs,"12-16, 19-23",bufferview一覧・accessor一覧・mesh一覧・node一覧・node番号一覧(ローカル変数),英単語または略号,日本語命名の質(英語の技術用語を日本語へ未翻訳のまま混ぜる)・受理条件7(直訳の検出),bufferview・accessor・mesh・nodeはglTF仕様固有の英語語であり、UI/CPU/APIのような一般に通用する語ではない。英語のglTF仕様を知らない読み手はこれらの単語だけから中身を復元できない。同じ区画内のterrain_visual_world/gltf_json.rsは同じ概念をインデックスアクセサ一覧のようにカタカナへ訳しており、この区画だけ未翻訳の生英語が残っている,バッファビュー宣言一覧・アクセサ宣言一覧・メッシュ宣言一覧・ノード一覧・ノード番号一覧,命名_区画021_2026-09-12.md
021,blitz_asset_compiler,crates/blitz_asset_compiler/examples/generate_source_assets/fox_tour_world/source_writing/vegetation_world/gltf_json/sections.rs,13-14,bufferview宣言・accessor宣言(段の区間のフィールド),英単語または略号,日本語命名の質・受理条件7,同上。型のフィールド名にも未翻訳の生英語が使われている,バッファビュー宣言・アクセサ宣言,命名_区画021_2026-09-12.md
021,blitz_asset_compiler,crates/blitz_asset_compiler/examples/generate_source_assets/fox_tour_world/source_writing/vegetation_world/gltf_json/sections.rs,52,mesh宣言を作る(関数名),英単語または略号,日本語命名の質・受理条件7,同上。meshが未翻訳のまま残る,メッシュ宣言を作る,命名_区画021_2026-09-12.md
021,blitz_asset_compiler,crates/blitz_asset_compiler/examples/generate_source_assets/fox_tour_world/source_writing/vegetation_world/gltf_json/sections.rs,24,uv区間(ローカル変数。let uv区間 = 接線区間 + 接線区間長;),英単語または略号,受理条件6(1語1義)・7(直訳の検出),同じ関数の同じ処理内で、同一概念(テクスチャ座標の区間)を19行目ではテクスチャ座標区間長(翻訳済み)、24行目ではuv区間(未翻訳の略語)と2つの語で呼んでおり、1つの概念に2つの名前が付いている。uvだけでは英語のglTF属性名(TEXCOORD)を知らないと復元できない,テクスチャ座標区間の開始,命名_区画021_2026-09-12.md
022,blitz_asset_compiler,crates/blitz_asset_compiler/examples/part_assembly/part_boxes.rs,35,番号で写した箱を引く,なし,条件7(直訳の検出),「引く」はlookupの直訳調として受理条件が名指しで禁止する語そのもの(グローバルCLAUDE.md「日本語命名の質」の失敗例に引くが明記されている)。英語のlookupを知らない読み手は「引く」から「索引で探し出す」を復元できない,番号に対応する箱を求める または 番号で写した箱を参照する,命名_区画022_2026-09-12.md
022,blitz_asset_compiler,crates/blitz_asset_compiler/examples/part_assembly/comparison.rs,72,正解表の余りを数える,なし,条件1(受理テスト。実体との不一致),名前は「数える」であり計数(カウンタの加算や列挙)を予告するが、実装は据えた件数 < 正解の件数のときに食い違いの1行をpushするだけの条件付き記録処理であり、何も数えていない(比較対象の姿勢1件を数えるは実際に一致した件数 += 1を行い名前と一致するが、この関数は一致しない)。定義を開いて実体と照合して初めて分かる不一致であり、試験の許容差の当て方の実例と同型,正解表の余りを食い違いとして記録する,命名_区画022_2026-09-12.md
022,blitz_asset_compiler,crates/blitz_asset_compiler/examples/part_assembly/tavern_recipe.rs,34,積む,なし,条件3(5W1Hの必要格),"ASCIIモジュール(tavern_recipe.rs)直下のprivate自由関数で、レシーバも型名補完も無い。名前単独では「何を積むのか」「何を作るのか(接合の指示を生成する処理であること)」が answer できない。呼び出し側積む(0, ""上面"", ...)も位置引数だけで、名前が読み手に運ぶ情報が「積む」という動作だけになる",積む指示を作る(同クレート内のframe_bay_instruction.rsが使う〜指示を作るの命名規約に合わせる),命名_区画022_2026-09-12.md
022,blitz_asset_compiler,crates/blitz_asset_compiler/examples/part_assembly/tavern_recipe.rs,39,付ける,なし,条件1・3(受理テスト、5W1H),「付ける」は日本語として動作対象を問わない汎用動詞で、「これは何?」に単独で答えられない(何を何へ付けるのかが名前に無い)。実装は接合の指示を1件作るだけであり、名前だけでは「差込の接合指示を作る処理」だと復元できない,差し込む指示を作る,命名_区画022_2026-09-12.md
022,blitz_asset_compiler,crates/blitz_asset_compiler/examples/part_assembly/tavern_recipe.rs,65,名前,なし,条件4(品詞の規律),実体は綴りを検証して接合点名を組み立てる処理(失敗しうるResultを返す)であるにもかかわらず、名前が単なる名詞「名前」になっている。「記録」フィールドが処理なのに名詞形だった過去の不合格例と同型の品詞の偽装,綴りから接合点名を作る,命名_区画022_2026-09-12.md
022,blitz_asset_compiler,crates/blitz_asset_compiler/examples/part_assembly/tavern_recipe.rs,69,識別子,なし,条件4(品詞の規律),同上。実体は綴りを検証して部品IDを組み立てる処理だが、名前は名詞「識別子」のみ,綴りから部品idを作る,命名_区画022_2026-09-12.md
022,blitz_asset_compiler,crates/blitz_asset_compiler/examples/part_assembly/tree_recipe.rs,36,継ぐ,なし,条件3(5W1Hの必要格),積むと同型。ASCIIモジュール直下のprivate自由関数で、名前単独では「何を継いで何を作るのか(接合の指示を生成する処理であること)」が読み取れない,継ぐ指示を作る,命名_区画022_2026-09-12.md
022,blitz_asset_compiler,crates/blitz_asset_compiler/examples/part_assembly/tree_recipe.rs,47,名前,なし,条件4(品詞の規律),tavern_recipe.rs:65と同じ問題。同じ処理が別ファイルで同じ名詞1語のまま繰り返されている,綴りから接合点名を作る,命名_区画022_2026-09-12.md
022,blitz_asset_compiler,crates/blitz_asset_compiler/examples/part_assembly/tree_recipe.rs,51,識別子,なし,条件4(品詞の規律),tavern_recipe.rs:69と同じ問題,綴りから部品idを作る,命名_区画022_2026-09-12.md
022,blitz_asset_compiler,crates/blitz_asset_compiler/examples/watch_assets/main.rs,22,実行する,なし,条件5(裸の動詞の禁止),受理条件が禁止語の実例として名指ししている実行するそのもの。ASCIIモジュール(main.rs)直下の自由関数で引数も無く、型名やレシーバによる補完が一切効かない。実装は「引数を読み、監視状態を読み込み、変更をループで待って再コンパイルする」という具体的な仕事であり、名前がそれを何も語っていない,アセットの変更を監視して再コンパイルし続ける,命名_区画022_2026-09-12.md
024,blitz_asset_compiler,crates/blitz_asset_compiler/src/chunk_directory_source/entry.rs,49,"行不正(private free function、fn 行不正(行番号: usize, 行: &str) -> アセットコンパイルエラー)",英単語または略号,条件4(品詞の規律),この識別子は関数(処理)だが、名前が「行が不正である」という状態を述べる名詞句のままで、動詞句になっていない。受理テスト「〜する処理です」に「行不正する処理です」は成立しない。同じクレート・同じ役割(私有のエラー生成ヘルパー)の兄弟であるbuilding_grid_source/opening_source.rsの欄が不正なエラーを作る、building_grid_source/grid_file.rsの解釈できないエラーを作る・書き出せないエラーを作る、building_grid_source/source.rsの升目が成り立たないエラーを作るはいずれも「〜エラーを作る」という動詞句で統一されており、行不正だけがこの型から外れている,行不正のエラーを作る,命名_区画024_2026-09-12.md
025,blitz_asset_compiler,crates/blitz_asset_compiler/src/distant_terrain/statistics.rs,"14-15,26,35-36,48-59,63",p95・p99(構造体遠景の沈み統計のフィールド),英字1文字・数字,受理条件2(ASCII識別子は補完力ゼロ)・条件7(直訳/専門記号の検出),「p95」「p99」はASCIIアルファベットと数字を組み合わせた統計記号であり、日本語の文脈中に英字と算用数字がそのまま混ざる。この2文字だけでは「パーセンタイル」という語も「95」が何の単位かも日本語として読めず、英語の統計慣習を知らないと復元できない。同じファイルの百分位という関数名・中央値というフィールド名は正しく日本語化されているのに、この2つだけ生の記号が残っている(1語1義でも表記の統一が破れている),第九十五百分位・第九十九百分位(またはパーセンタイル95のように少なくとも一部を仮名にする折衷ではなく、既存の中央値に揃えて完全な日本語表記にする) — 注: 同型のp50・p95・p99はblitz_app側(frame_timing.rs・reports.rs等)にも広く存在し、本区画固有の新規違反ではなく既存の全域的な表記慣習である。是正は本区画だけでなく該当箇所を横断する作業になる,命名_区画025_2026-09-12.md
025,blitz_asset_compiler,crates/blitz_asset_compiler/src/distant_terrain/vertex.rs,"39,62,77",面上のuv(構造体頂点の素材のフィールド),英単語または略号,受理条件2・条件7,"同じ構造体の他のフィールド(東座標・高さ・南座標・東方向の高低差等)はすべて完全な日本語であるのに、このフィールドだけ「面上の」という日本語の助詞句にASCIIのuvを直接連結している。英語のテクスチャ座標の慣習(u,v)を知らない読み手はuvが何を指すか単独では復元できず、同じ構造体内で命名の一貫性も破れている",面上のテクスチャ座標(値は[f32; 2]のまま。境界(GPUへ送るメッシュ頂点属性.uv)への変換は頂点属性へ書き出すの中で1回だけ生のフィールド名uvへ戻せばよく、この構造体自身は完全な日本語で持てる),命名_区画025_2026-09-12.md
025,blitz_asset_compiler,crates/blitz_asset_compiler/src/editor_chunk/scatter_groups/archetype_choice.rs,15,原型の安定id(構造体焼く原型のフィールド),英単語または略号,受理条件2・条件6(1語1義),ユビキタス言語に登録された正式表記は「安定ID」(大文字)であり、アセットID型名も大文字を使う。このフィールドだけ小文字のidをアルファベットのまま日本語へ連結しており、同じ概念に大文字表記と小文字表記の2通りの綴りが生まれている(1語1義の破れ),原型の安定識別子(型アセットIDが既にIDであることを示すため、フィールド名側は漢字の「識別子」で受ける),命名_区画025_2026-09-12.md
025,blitz_asset_compiler,crates/blitz_asset_compiler/src/editor_chunk/scatter_groups/archetype_choice.rs,"20,24,34",植生定義id(関数植生定義の識別子から焼く原型を引くの引数名),英単語または略号,受理条件2・条件6,引数の型は植生定義ID(大文字)なのに、引数名だけ小文字のidを使っている。型名と変数名で綴りが食い違い、同じ画面を読む人が同じ概念に2つの表記を見ることになる,植生定義識別子または型名に合わせて植生定義ID(変数名として大文字IDを使う既存の広い慣習に合わせる),命名_区画025_2026-09-12.md
025,blitz_asset_compiler,crates/blitz_asset_compiler/src/editor_chunk/scatter_groups/archetype_choice.rs,61,引いた.原型の安定id(テストコード中の参照),英単語または略号,受理条件2・条件6,上の3と同一フィールドの参照であり、同じ理由で不合格,3の改名に追従,命名_区画025_2026-09-12.md
032,blitz_asset_compiler,crates/blitz_asset_compiler/src/runtime_compilation/world/argument_name.rs,60,解析する(自由関数、ASCIIモジュールargument_name直下),英単語または略号,条件5(裸の動詞の禁止)、条件2,ASCIIモジュール名は補完力ゼロのため、呼び出し側argument_name::解析する(引数名)では「何を解析するか」が単独で答えられない。create::生成するの却下例と同型,引数の綴りから対象世界を解析する,命名_区画032_2026-09-12.md
032,blitz_asset_compiler,crates/blitz_asset_compiler/src/runtime_compilation/world/argument_name.rs,95,骨格の並びの世界(自由関数、fn 骨格の並びの世界(種類) -> 対象世界),英単語または略号,条件4(品詞の規律)、条件1,処理(構築処理)なのに動詞を持たない名詞句で、「これは何?」への答えにしかならず「〜する処理です」で成立しない,骨格の並びの世界を種類から作る,命名_区画032_2026-09-12.md
032,blitz_asset_compiler,crates/blitz_asset_compiler/src/runtime_compilation/world/assembly_rule_choice/frame_bay_choice.rs,79,"名前(自由関数、pub(super) fn 名前(綴り: &str) -> Result<接合点名, String>)",英単語または略号,条件5、条件1、条件4,"生の文字列を検証済みの接合点名へ変換する処理だが、名前が単独の裸名詞で、呼び出し側で名前(""正面のはめ口"")と裸で使われ、何を検証しているのか単独で答えられない",接合点名を確かめる,命名_区画032_2026-09-12.md
032,blitz_asset_compiler,crates/blitz_asset_compiler/src/runtime_compilation/world/assembly_rule_choice/frame_bay_choice.rs,83,"識別子(自由関数、pub(super) fn 識別子(綴り: &str) -> Result<部品ID, String>)",英単語または略号,条件5、条件1、条件4,同上。部品IDへの変換処理を裸の名詞で名付けている,部品識別子を確かめる,命名_区画032_2026-09-12.md
032,blitz_asset_compiler,crates/blitz_asset_compiler/src/runtime_compilation/world/assembly_rule_choice/house_rule.rs,92,名前(自由関数),なし,条件5、条件1、条件4,frame_bay_choice.rs:79と同型の違反。この型のモジュールに同名の私有関数が複数箇所で独立に定義されており、いずれも裸名詞のまま呼ばれている,接合点名を確かめる,命名_区画032_2026-09-12.md
032,blitz_asset_compiler,crates/blitz_asset_compiler/src/runtime_compilation/world/assembly_rule_choice/house_rule.rs,96,識別子(自由関数),なし,条件5、条件1、条件4,同上,部品識別子を確かめる,命名_区画032_2026-09-12.md
032,blitz_asset_compiler,crates/blitz_asset_compiler/src/runtime_compilation/world/assembly_rule_choice/tree_rule.rs,62,名前(自由関数),なし,条件5、条件1、条件4,同上,接合点名を確かめる,命名_区画032_2026-09-12.md
032,blitz_asset_compiler,crates/blitz_asset_compiler/src/runtime_compilation/world/assembly_rule_choice/tree_rule.rs,66,識別子(自由関数),なし,条件5、条件1、条件4,同上,部品識別子を確かめる,命名_区画032_2026-09-12.md
032,blitz_asset_compiler,crates/blitz_asset_compiler/src/runtime_compilation/world/vegetation_declaration.rs,29,一覧(自由関数、pub(super) fn 一覧() -> Vec<アセット定義>),英単語または略号,条件1、条件3、条件2,ASCIIモジュールvegetation_declaration直下の自由関数であり補完力ゼロ。「一覧です」は「何の一覧か」に答えていない,植生の世界のアセット定義一覧,命名_区画032_2026-09-12.md
032,blitz_asset_compiler,crates/blitz_asset_compiler/src/runtime_compilation/world/village_declaration.rs,36,一覧,なし,条件1、条件3、条件2,同上のパターン,見本の集落の世界のアセット定義一覧,命名_区画032_2026-09-12.md
032,blitz_asset_compiler,crates/blitz_asset_compiler/src/runtime_compilation/world/stone_hut_declaration.rs,38,一覧,なし,条件1、条件3、条件2,同上,屋内の多光源の世界のアセット定義一覧,命名_区画032_2026-09-12.md
032,blitz_asset_compiler,crates/blitz_asset_compiler/src/runtime_compilation/world/night_lights_declaration.rs,55,一覧,なし,条件1、条件3、条件2,同上,夜の多光源の世界のアセット定義一覧,命名_区画032_2026-09-12.md
032,blitz_asset_compiler,crates/blitz_asset_compiler/src/runtime_compilation/world/part_house_row_declaration.rs,31,一覧,なし,条件1、条件3、条件2,同上,部品で組んだ家の並びの世界のアセット定義一覧,命名_区画032_2026-09-12.md
032,blitz_asset_compiler,crates/blitz_asset_compiler/src/runtime_compilation/world/part_tree_row_declaration.rs,20,一覧,なし,条件1、条件3、条件2,同上,部品で組んだ木の並びの世界のアセット定義一覧,命名_区画032_2026-09-12.md
032,blitz_asset_compiler,crates/blitz_asset_compiler/src/runtime_compilation/world/part_frame_row_declaration.rs,64,一覧(引数種類あり),なし,条件1、条件3、条件2,引数はあるが名前自体は依然「一覧」のみで、返す一覧が何の一覧かを名前が言わない,部品で組んだ一間四方の骨格の並びの世界のアセット定義一覧,命名_区画032_2026-09-12.md
032,blitz_asset_compiler,crates/blitz_asset_compiler/src/runtime_compilation/world/visual_sample_declaration.rs,44,一覧,なし,条件1、条件3、条件2,同上,目視見本の世界のアセット定義一覧,命名_区画032_2026-09-12.md
032,blitz_asset_compiler,crates/blitz_asset_compiler/src/runtime_compilation/world/fox_tour_declaration.rs,58,一覧,なし,条件1、条件3、条件2,同上,場所巡りの世界のアセット定義一覧,命名_区画032_2026-09-12.md
032,blitz_asset_compiler,crates/blitz_asset_compiler/src/runtime_compilation/world/vertex_diagnostic_declaration.rs,33,一覧(引数原型あり),なし,条件1、条件3、条件2,同上,頂点診断の世界のアセット定義一覧,命名_区画032_2026-09-12.md
033,blitz_asset_compiler,crates/blitz_asset_compiler/src/terrain/skirt_depth.rs,67,f32から求める,英字1文字・数字,条件1(受理テスト)・条件3(5W1Hの必要格),関数は値: i32を受け取りf32を返す(i16経由で狭めてからf32::fromする)。名前の格助詞「から」は「f32が起点(入力)である」と読ませるが、実際は逆でf32は出力側であり入力はi32である。直上の///コメント自身が「格子添字を実数へ変換する」と書いており、名前とコメントが矛盾している。同じファイル内のvertex.rsの類例格子添字を実数へ変換する(を+へで方向が明確)と比べても、この名前だけは方向が逆転して読める。名前だけを見た読み手は「f32型の値から何かを求める」と誤読し、実際の入力型・変換方向を復元できない。改名の素案: 格子添字をf32へ変換する(またはvertex.rsの命名に揃えて値をf32へ狭めて変換する),,命名_区画033_2026-09-12.md
034,blitz_asset_compiler,crates/blitz_asset_compiler/src/vegetation/bounds.rs,70,距離(関数名),なし,条件1(受理テスト)・条件4(品詞の規律),この関数は2点間の距離を計算する処理(処理=動詞句であるべき)だが、名前が裸の名詞「距離」だけである。「距離です」は処理の答えとして成立せず、「距離を求める処理です」と読めない。同じファイル内の頂点の包囲を求める・群の包囲領域を求めるは同種の計算にすべて「〜を求める」を付けており、この関数だけが裸名詞になっている,距離を求める,命名_区画034_2026-09-12.md
034,blitz_asset_compiler,crates/blitz_asset_compiler/src/texture_storage/block_compression/rgb565.rs,"8-10,43",赤の段数・緑の段数・青の段数・成分を段へ量子化するの段/段数,なし,条件6(1語1義),「段」はこのクレート全体で「縮小段(mip level)」の訳語として確立している(_doc/計画/ユビキタス言語.md「縮小段」、texture_storage直下・mip_chain配下の全ファイルで「段: &テクスチャデータ」がmip levelを指す)。ところがこのファイルでは同じ「段」をRGB565の量子化ステップ値(0〜31/0〜63の整数)という別概念に使っている。同じディレクトリ木の中で読み手が「段=mip level」の類推を持ち込むと誤読する,量子化段(例: 赤の量子化段数・成分を量子化段へ量子化する),命名_区画034_2026-09-12.md
034,blitz_asset_compiler,crates/blitz_asset_compiler/src/texture_storage/block_compression/reference_decode.rs,"38,44,48",段を取り出す・五ビットの段を8ビットへ広げる・六ビットの段を8ビットへ広げるの段,数字,条件6(1語1義),上と同じ「段」のオーバーロード。RGB565の16ビット詰め値から取り出した5/6ビットの成分値(量子化ステップ)を「段」と呼んでおり、mip levelの「段」と衝突する,量子化段(例: 量子化段を取り出す・5ビットの量子化段を8ビットへ広げる),命名_区画034_2026-09-12.md
034,blitz_asset_compiler,crates/blitz_asset_compiler/src/vegetation/terrain_group.rs,17,原型id(フィールド名),英単語または略号,条件6(1語1義)/表記の統一,フィールドの型はアセットIDであり、同じ_doc/計画/ユビキタス言語.md・同クレート内の確立語(アセットID・描画対象ID・テクスチャID・画像ID)はすべて大文字の「ID」で終わる。このフィールドだけ小文字の「id」を名詞へ直接くっつけており、読み手は同じ概念の表記違いか別概念かを区別できない,原型ID,命名_区画034_2026-09-12.md
035,blitz_asset_compiler,crates/blitz_asset_compiler/tests/integration/multi_material_fixture/mod.rs,52,長さをu32へ(関数),英字1文字・数字,条1(受理テスト)・条4(品詞の規律),目的格「長さを」と着点格「u32へ」だけが並び、動詞が無い。処理(関数)なのに完結した動詞句でなく、「これは何?」に単独で答えられない(「u32へ…変換する」のか「u32へ詰める」のか「u32へ書く」のか名前だけでは決まらない),長さをu32へ変換する,命名_区画035_2026-09-12.md
037,blitz_collision,crates/blitz_collision/src/contact_set/determinism_tests.rs,91,"第1のx, 第1のy, 第1のz, 第2のx, 第2のy, 第2のz(let分解の束縛名)",英字1文字・英単語または略号・数字,識別子への英字混入(検査指示の明示対象。実質は受理条件4「品詞の規律」寄りの逸脱でもある: 座標成分という値を指す名詞句の中へ生の英字x/y/zを裸で挟んでいる),「x」「y」「z」は日本語の語ではなく、直前の文脈(位置の成分が[f64; 3]の配列を返す)を読まないと何番目の成分かが復元できない。座標軸の意味を持つ英字を、助詞も付けずに名詞の後ろへ貼り付けている点が「単語らしく見せるための膠着圧縮」に近い,"第1の東西成分, 第1の上下成分, 第1の南北成分等、実際の意味(この場面ではメートル座標の3成分)に沿った名か、第1の位置の1番目のような添字表現に改める(具体の名は文脈——地形の東西南北基準か任意軸か——を実装者が確認して決める)",命名_区画037_2026-09-12.md
037,blitz_collision,crates/blitz_collision/src/contact_set/feature_order_tests.rs,26-28,"x側, y側, z側(ループ変数名)",英字1文字,同上(識別子への英字混入),直方体の面の向きを3回列挙する三重ループの変数名であり、x/y/zがどの座標軸に対応するかはコード外の暗黙の慣習(直方体自身の座標軸の並び順)に依存する。読み手は直方体自身の座標軸::並べる()の並び順を別途確認しないと対応が取れない,"軸0の側, 軸1の側, 軸2の側、または直方体自身の座標軸::並べる()を回して軸と側の組で回す実装に変え、裸の英字を無くす",命名_区画037_2026-09-12.md
042,blitz_collision,crates/blitz_collision/src/height_field/capsule_sweep/sweep_query_fixture.rs,17,"位置(自由関数、fn 位置(東のメートル: f64, 天頂のメートル: f64, 南のメートル: f64) -> 高さ場の格子原点からの位置)",英字1文字・英単語または略号・数字,条件4(品詞の規律)、条件5(裸の動詞/裸の名詞の禁止の趣旨),"この関数は処理(値を組み立てて返すファクトリー)であり動詞句であるべきだが、名前が名詞位置のみである。呼び出し箇所位置(1.0, 3.0, 1.0)は、フィールド参照や値そのものの略記に見え、処理呼び出しであることが名前だけから分からない。型名::生成する()の値オブジェクト様式(条件5の例外)にも当たらない。ASCIIモジュールsweep_query_fixture直下の自由関数であるため名前単独で答える必要があるが、答えられていない",位置を組む または 高さ場の格子原点からの位置を組む,命名_区画042_2026-09-12.md
042,blitz_collision,crates/blitz_collision/src/height_field/capsule_sweep/sweep_query_fixture.rs,21,"変位(自由関数、fn 変位(東のメートル: f64, 天頂のメートル: f64, 南のメートル: f64) -> 高さ場の中の変位)",英字1文字・英単語または略号・数字,条件4(品詞の規律)、条件5,上と同じ理由。処理なのに名詞1語であり、値と処理の区別が名前から取れない,変位を組む または 高さ場の中の変位を組む,命名_区画042_2026-09-12.md
043,blitz_collision,crates/blitz_collision/src/oriented_box/query_fixture.rs,35,局所の点(関数),なし,受理条件4(品詞の規律: 処理は動詞句),[f64; 3]を受け取り形の局所座標の位置::生成する()を呼んでpanicで包む処理(値オブジェクトの生成に失敗しうる工程)であるにもかかわらず、名前が動詞を持たない名詞句になっている。同じファイル内の兄弟関数直方体を作る・線分を作る・カプセルを作るはすべて「〜を作る」の動詞句であり、この関数だけが動詞を欠く。読み手は「局所の点」を既存の値を指す変数や定数だと誤読しうる,成分から局所の点を作る,命名_区画043_2026-09-12.md
043,blitz_collision,crates/blitz_collision/src/oriented_box/query_fixture.rs,46,局所の変位(関数),なし,受理条件4(品詞の規律: 処理は動詞句),同上と同じ構造の違反。[f64; 3]から形の局所座標の変位を生成する処理が名詞句のままであり、兄弟関数群の動詞句と不整合,成分から局所の変位を作る,命名_区画043_2026-09-12.md
044,blitz_collision,crates/blitz_collision/src/shape/axis_aligned_box.rs,100,成分を並べる（private関数）,英単語または略号,条件3（5W1Hの必要格。着点・順序の格が欠落）,同じ関心事を扱う兄弟ファイルは全て「軸の順に並べる」または「端の成分を並べる」のように、何を・どの順で並べるかを名前へ書いている（local_axis_aligned_box.rsの形の局所座標の位置の成分を軸の順に並べる、global_box_components.rsの大域の位置の成分を軸の順に並べる・局所の位置の成分を軸の順に並べる、dynamic_index/box_edge_check.rsの箱の両端の6成分を軸の順に並べる、oriented_box_bounds_fixture.rsの端の成分を並べる）。このファイルだけ「軸の順に」も「端の」も無い成分を並べるであり、名前だけでは「大小で並べ替える」のか「x・y・zの順に配列へ写す」のか区別が付かない。実体は後者(xyzを配列へ写すだけ)である,端の成分を軸の順に並べる,命名_区画044_2026-09-12.md
049,blitz_engine,crates/blitz_engine/src/animation/blend.rs,11,識別子: ブレンドする,なし,落ちた条件: 2(補完してよい文脈の限定)・3(5W1Hの必要格),なぜ読めないか: ASCIIモジュールblend直下のpub自由関数であり、モジュール名は補完力ゼロとして扱う規定に当たる。名前単独では「何をブレンドするか」(姿勢)が書かれておらず、「これは何?」に「ブレンドする処理です」としか答えられず対象が特定できない。引数名姿勢a・姿勢bは関数の受け手ではなく単なる引数であり、条件2が補完に使ってよいと定める「型名::関連関数()の型名」「変数.メソッド()のレシーバ」のどちらにも当たらないため補完に使えない。同ファイル内の私有関数関節姿勢をブレンドするは目的語「関節姿勢を」を含み対比が付く,姿勢をブレンドする,命名_区画049_2026-09-12.md
049,blitz_engine,crates/blitz_engine/src/animation/evaluate_channel.rs,10,識別子: vec3を評価する,英単語または略号・数字,落ちた条件: 2・5(ASCII混入)・7(直訳・専門語の検出),なぜ読めないか: 日本語識別子の中にASCIIの英字列vec3をそのまま混入している。プロンプト指定の「識別子へのASCII・ギリシャ文字・記号の混入を必ず当てる」に直接該当する。vec3はグラフィックスプログラミング特有のジャーゴン(3成分ベクトル型の慣用名)で、専門用語の表記が求める「非専門家が読んで意味が取れるか」を満たさない。実際に評価しているのは平行移動またはスケールの3成分チャンネルであり、その情報も名前に無い,三成分チャンネルを評価する(または呼び出し元で用途を分けるなら平行移動またはスケールの成分を評価する),命名_区画049_2026-09-12.md
049,blitz_engine,crates/blitz_engine/src/animation/joint_pose.rs,45,識別子: 変換::trsから生成する,英単語または略号,落ちた条件: 5(ASCII混入),なぜ読めないか: 動詞から生成するの直前に小文字ASCIItrsが直接連結されている。TRSという略語自体は_doc/計画/ユビキタス言語.mdに登録済みで独立した大文字トークン(関節TRSのように)としてなら許容されるが、ここでは小文字化されて動詞へ埋め込まれており、指定された「識別子への英字混入」の禁止形にそのまま当たる。改名は定義側(blitz_math)の作業になるため、区画049の是正としては呼び出し箇所の存在だけを記録する,TRSから生成する(定義はblitz_math側),命名_区画049_2026-09-12.md
049,blitz_engine,crates/blitz_engine/src/animation/blend_tests.rs,54,識別子: 係数(fn 係数(値: f32) -> 姿勢のブレンド係数),英字1文字・英単語または略号・数字,落ちた条件: 4(品詞の規律),なぜ読めないか: この関数は入力値を検証し、受理範囲外ならpanic!する処理(コメントに「受理範囲の外を書いた検査はここで落ちる」と明記)であるにもかかわらず、名前が名詞1語係数で値オブジェクトのように見える。品詞の偽装であり、「これは何?」への答えが「係数です」になってしまい、検証してpanicするという処理の性質が名前から消えている,受理される係数を作る,命名_区画049_2026-09-12.md
050,blitz_engine,crates/blitz_engine/src/asset/height_field_sample_count.rs,18,F32のバイト数(ローカル定数),英字1文字・数字,「日本語命名の質」(英語の頭字語・省略語を日本語の中に混ぜない)、識別子へのASCII混入の禁止,F32はRustのプリミティブ型名の頭字語をそのまま漢字仮名交じりの識別子へ混入したものであり、非専門家はもちろん専門家でも「なぜF32という英字が単語として現れるのか」を日本語の文法から読み取れない。値自体は「f32が占めるバイト数」であり日本語だけで表現できる,浮動小数点数1個のバイト数 または 高さの標本1個のバイト数(高さ場の標本がf32で格納される事実は型のコメントに既に書かれているため、定数名は用途で言い切れる),命名_区画050_2026-09-12.md
051,blitz_engine,crates/blitz_engine/src/asset/static_trs.rs,8,静的TRS,英単語または略号,条件2(日本語命名の質: 頭字語禁止),「TRS」はTranslation/Rotation/Scaleの略で、UI・CPU・APIのような非専門家に通用する語ではなく、ASCII頭字語が日本語識別子へ混入している。オーナーが不合格にした実例と同型（ASCII英字の識別子混入）。,静的な平行移動回転拡大縮小 または バインド時静的姿勢,命名_区画051_2026-09-12.md
051,blitz_engine,crates/blitz_engine/src/asset/terrain_lod_meshes.rs,9,地形LODメッシュ群エラー,英単語または略号,条件2(日本語命名の質: 頭字語禁止),「LOD」(Level of Detail)は非専門家に通用しない頭字語であり、ASCII英字が日本語識別子に混入している。,地形詳細段メッシュ群エラー,命名_区画051_2026-09-12.md
051,blitz_engine,crates/blitz_engine/src/asset/terrain_lod_meshes.rs,15,地形LODメッシュ群,英単語または略号,条件2(日本語命名の質: 頭字語禁止),同上。ファイル冒頭の説明文自身が「地形1チャンクの詳細段ごとのメッシュ列」と日本語で言い換えられており、型名だけがLODという頭字語を残している。,地形詳細段メッシュ群,命名_区画051_2026-09-12.md
053,blitz_engine,crates/blitz_engine/src/asset/runtime_format/scene/v1.rs,26,シーンV1,英字1文字・数字,条件2(ASCII識別子は補完力ゼロという以前に、識別子自体にASCII文字が混入している)・条件6(1語1義),「版1」という完全な日本語の語がユビキタス言語に登録され、同じ概念をv4.rs〜v7.rsが版4()・版5()のように漢字+算用数字で一貫して呼んでいるのに、v1〜v3だけがアルファベットのV+数字を識別子へ埋め込んでいる。オーナーが不合格にした実例の「識別子にASCIIの英字・記号を入れたものは不合格」に該当する形であり、同じ「版番号」という概念が版1とV1の2つの綴りを持つ,シーン版1,命名_区画053_2026-09-12.md
053,blitz_engine,crates/blitz_engine/src/asset/runtime_format/scene/v1.rs,27,描画対象V1,英字1文字・数字,条件2・条件6,同上(型シーンV1が保持するフィールドの型名),描画対象版1,命名_区画053_2026-09-12.md
053,blitz_engine,crates/blitz_engine/src/asset/runtime_format/scene/v2.rs,27,シーンV2,英字1文字・数字,条件2・条件6,同上,シーン版2,命名_区画053_2026-09-12.md
053,blitz_engine,crates/blitz_engine/src/asset/runtime_format/scene/v2.rs,34,描画対象V2,英字1文字・数字,条件2・条件6,同上,描画対象版2,命名_区画053_2026-09-12.md
053,blitz_engine,crates/blitz_engine/src/asset/runtime_format/scene/v2.rs,42,形状V2(enum),英字1文字・英単語または略号・数字,条件2・条件6,同上。この enum は通常メッシュと地形LODメッシュ群の2枝を持ち、版2固有の形状判別を表すが、名前のアルファベット部分だけが版を示しており版4以降の版ごとの要素の読み方::版4()と綴りが揃わない,形状版2,命名_区画053_2026-09-12.md
053,blitz_engine,crates/blitz_engine/src/asset/runtime_format/scene/v3.rs,26,シーンV3,英字1文字・数字,条件2・条件6,同上,シーン版3,命名_区画053_2026-09-12.md
053,blitz_engine,crates/blitz_engine/src/asset/runtime_format/scene/v3.rs,33,描画対象V3,英字1文字・数字,条件2・条件6,同上,描画対象版3,命名_区画053_2026-09-12.md
053,blitz_engine,crates/blitz_engine/src/asset/runtime_format/scene/mesh_layout.rs,23,個体別置換検査記録長,なし,条件1(受理テスト)・条件6(1語1義)・条件7(直訳/語の不一致の検出質問と同型),定義本体を開いて照合すると、この定数が数える実体はcrates/blitz_render/.../seen_record.rsの既出記録(同一パス区間内で同じ個体IDが2回現れないかを、個体ごとの「最後に見た検査の世代番号」で見る検査)である。コメント自体も「置換」に触れておらず、重複検出であって置き換え(置換)ではない。読み手は「置換」という語から何を置き換えるのか実体を復元できず、既存の既出記録という正規の語と食い違う1語2義になっている,個体別既出検査記録長,命名_区画053_2026-09-12.md
054,blitz_engine,crates/blitz_engine/src/asset/runtime_format/scene/read_element/material.rs,10,読む,なし,条件2・3,「material.rs」というASCII名は補完に使えないため、この識別子だけでは何を読むか分からない。呼び出し元はマテリアルを読むという完全名で再輸出している,マテリアル1件を読む,命名_区画054_2026-09-12.md
054,blitz_engine,crates/blitz_engine/src/asset/runtime_format/scene/read_element/material_set.rs,17,読む,なし,条件2・3,同上。材質集合(複数件の対応表)を読む処理だが名前に対象が無い,材質集合を読む,命名_区画054_2026-09-12.md
054,blitz_engine,crates/blitz_engine/src/asset/runtime_format/scene/read_element/mesh.rs,12,旧版を読む,なし,条件2・3,「旧版」だけでは何の旧版か分からない(メッシュの旧版であることはmesh.rsという読まれない前提のファイル名でしか分からない)。呼び出し元は旧版のメッシュを読むという完全名で再輸出している,旧版のメッシュを読む,命名_区画054_2026-09-12.md
054,blitz_engine,crates/blitz_engine/src/asset/runtime_format/scene/read_element/mesh.rs,25,読む,なし,条件2・3,同上(版4のメッシュを読む処理)。直上のドキュメンテーションコメントには対象が書いてあるが、識別子自体は単独で答えられない,版4のメッシュを読む,命名_区画054_2026-09-12.md
054,blitz_engine,crates/blitz_engine/src/asset/runtime_format/scene/read_element/mesh_list.rs,12,読む,なし,条件2・3,メッシュのLOD段の列を読む処理だが対象が無い。呼び出し元はメッシュ列を読むという完全名で再輸出している,メッシュ列を読む,命名_区画054_2026-09-12.md
054,blitz_engine,crates/blitz_engine/src/asset/runtime_format/scene/read_element/mesh_primitive.rs,12,読む,なし,条件2・3,プリミティブ列を読む処理だが対象が無い,プリミティブ列を読む,命名_区画054_2026-09-12.md
054,blitz_engine,crates/blitz_engine/src/asset/runtime_format/scene/read_element/mesh_skin_vertex.rs,9,読む,なし,条件2・3,スキン頂点属性の一覧(有無つき)を読む処理だが対象が無い,スキン頂点属性一覧を読む,命名_区画054_2026-09-12.md
054,blitz_engine,crates/blitz_engine/src/asset/runtime_format/scene/read_element/pbr_material_body.rs,13,読む,なし,条件2・3,金属粗さPBRの本体を読む処理だが対象が無い,金属粗さPBR本体を読む,命名_区画054_2026-09-12.md
054,blitz_engine,crates/blitz_engine/src/asset/runtime_format/scene/read_element/surface_layer_body.rs,14,読む,なし,条件2・3,地表の層の重ね合わせの本体を読む処理だが対象が無い,地表の層の重ね合わせ本体を読む,命名_区画054_2026-09-12.md
054,blitz_engine,crates/blitz_engine/src/asset/runtime_format/scene/read_element/skin.rs,11,読む,なし,条件2・3,スキンデータを読む処理だが対象が無い。呼び出し元はスキンを読むという完全名で再輸出している,スキンを読む,命名_区画054_2026-09-12.md
054,blitz_engine,crates/blitz_engine/src/asset/runtime_format/scene/read_element/animation/channel.rs,11,読む(ジェネリック関数),なし,条件2・3,1つのキーフレームチャンネルを読む処理だが対象が無い,チャンネルを読む,命名_区画054_2026-09-12.md
054,blitz_engine,crates/blitz_engine/src/asset/runtime_format/scene/read_element/version_codec.rs,13,テクスチャ1件,数字,条件1・4,型はテクスチャを読む工程(関数)だが、名前は「1個のテクスチャ」という値に読める。material_set.rs:27の呼び出し読み方.テクスチャ1件()は関数を返すため直後に別の関数へ渡されるが、名前だけでは関数だと分からない,テクスチャ1件を読む処理,命名_区画054_2026-09-12.md
054,blitz_engine,crates/blitz_engine/src/asset/runtime_format/scene/read_element/version_codec.rs,14,材質1件,数字,条件1・4,"同上。material_set.rs:27の(読み方.材質1件())(入力, ...)という二重呼び出しの形自体が、名前が関数を隠していることの証拠である",材質1件を読む処理,命名_区画054_2026-09-12.md
054,blitz_engine,crates/blitz_engine/src/asset/runtime_format/scene/read_element/version_codec.rs,15,静的物理形状の節,なし,条件1・4,型は静的物理形状の節を読む工程(関数)だが、名前は「節(データそのもの)」に読める,静的物理形状の節を読む処理,命名_区画054_2026-09-12.md
054,blitz_engine,crates/blitz_engine/src/asset/runtime_format/scene/read_element/skin.rs,54,trsを読む,英単語または略号,ASCII混入,小文字ASCII「trs」が日本語のひらがなへ直接接着している。ユビキタス言語での正式表記は大文字「TRS」(登録済み略語)であり、綴りも不統一。関連実例(段A2の候補_等)と同型の禁止パターン,静的TRSを読む,命名_区画054_2026-09-12.md
054,blitz_engine,crates/blitz_engine/src/asset/runtime_format/scene/v4/conversion_tests.rs,29,版4のテクスチャは格納形式rgba8の1段として読める(テスト関数名),英単語または略号・数字,ASCII混入,小文字ASCII「rgba8」が日本語識別子へ直接混入している。エンジン側の正式な列挙子名は大文字のRGBA8であり綴りが不統一,版4のテクスチャは格納形式RGBA8の1段として読める,命名_区画054_2026-09-12.md
055,blitz_engine,crates/blitz_engine/src/asset/runtime_format/scene/write_element/material.rs,18,スロット0を指す,数字,条件4(品詞の規律),.is_some()の結果を受けるbool値であり、受理条件が真偽値に定める「〜か」の形になっていない。宣言だけを読むと「スロット0を指す」という動作の説明文に見え、真偽の判定結果であることが名前から分からない,スロット0を指すか,命名_区画055_2026-09-12.md
055,blitz_engine,crates/blitz_engine/src/asset/runtime_format/scene/write_element/mesh_primitive.rs,28,全体を塗る単一プリミティブ,なし,条件4(品詞の規律),複数条件の論理積の結果を受けるbool値だが、「〜か」を持たない体言止めの名詞句になっている。「全体を塗る単一プリミティブ(という物)」という値の名前に読め、真偽値だと単独では判定できない,全体を単一プリミティブで塗るか,命名_区画055_2026-09-12.md
058,blitz_engine,crates/blitz_engine/src/instance_lod/error.rs,6,個体LODエラー,英単語または略号,日本語命名の質(頭字語・省略語を日本語へ混ぜない)/受理条件6(1語1義),LODは非専門家が読めない英語の頭字語であり、質の節が挙げるLUT等と同じ扱いを要る。同じ区画内のlevel.rsが既にこの概念を個体詳細段という日本語へ訳して_doc/計画/ユビキタス言語.mdへ登録済みであるにもかかわらず、error.rsとsettings.rsだけ英語の頭字語のまま残っており、同じ概念が2つの綴りを持っている,個体詳細段エラー,命名_区画058_2026-09-12.md
058,blitz_engine,crates/blitz_engine/src/instance_lod/settings.rs,11,個体LOD選択設定,英単語または略号,日本語命名の質(頭字語混入禁止)/受理条件6(1語1義),同上。個体詳細段という訳語が既に在るのに、この型と個体LODエラーだけが英語の頭字語を残し、読み手は「LODと詳細段は同じものか」を型定義まで遡らないと確認できない,個体詳細段選択設定,命名_区画058_2026-09-12.md
059,blitz_engine,crates/blitz_engine/src/primitive_draw_item/list.rs,22-23,"束（積む(&mut self, 束: プリミティブ描画項目) の引数名、self.一覧.push(束)）",英単語または略号,条件6（1語1義）,"_doc/計画/ユビキタス言語.mdの「描画束ID」項が「束」をチャンク単位でレンダラーが区別する番号の意味に確定しており、同じlist.rs冒頭の型コメント（「1つの束が持つ全描画対象の…」「束の読込時に一度だけ組み立て…」）でも束はその意味で使われている。ところがこの引数名は単一のプリミティブ描画項目（1件）を指しており、読み手は「複数個をまとめたもの」と誤読する。実体はチャンクではなく1件の描画項目である - 改名の素案: 項目（積む(&mut self, 項目: プリミティブ描画項目)）",,命名_区画059_2026-09-12.md
059,blitz_engine,crates/blitz_engine/src/primitive_draw_item/build_tests.rs,10,二材質のプリミティブごとに束を作り可視個体区間を共有する（テスト関数名）,なし,条件6,同上。「プリミティブごとに束を作り」は、プリミティブ1つにつきプリミティブ描画項目が1件できるという意味だが、「束」を使うとチャンク単位の概念（描画束ID）と衝突し、1プリミティブ＝1チャンクであるかのように読める - 改名の素案: 二材質のプリミティブごとに描画項目を作り可視個体区間を共有する,,命名_区画059_2026-09-12.md
059,blitz_engine,crates/blitz_engine/src/primitive_draw_item/build_tests.rs,"28,30",束（コメント「束が指すのは参照されたスロットだけである」、テスト名参照されないスロットの束を作らない）,なし,条件6,上記2件と同型。ここでの「束」は個々のプリミティブ描画項目を指しており、登録済みの「束＝チャンク識別」の意味と衝突する - 改名の素案: コメントを「描画項目が指すのは参照されたスロットだけである」、テスト名を参照されないスロットの描画項目を作らない,,命名_区画059_2026-09-12.md
059,blitz_engine,crates/blitz_engine/src/primitive_draw_item/build_fixture.rs,56,組み立てる（pub(super) fn 組み立てる(...)）,英単語または略号,条件1・条件5（裸の動詞の禁止）,"このcrateの命名規約上、ファイル名（build_fixture）はASCIIでモジュール境界を作るだけで意味の補完に使えない。呼び出し元（build_tests.rs:6,11,31,44,52）はbuild_fixture::組み立てる(...)と読むが、組み立てる単独では「これは何?」に答えられない（何を組み立てるのかが名前に無い。create::生成すると同型の違反）。同ファイル内の二材質の集合・形状を作るは目的語を持つのに、この関数だけ目的語が落ちている - 改名の素案: プリミティブ描画項目一覧を組み立てる",,命名_区画059_2026-09-12.md
060,blitz_engine,crates/blitz_engine/src/sky/indirect_lighting_policy.rs,30,遠方環境LambertGGX(照明問い合わせ契約の枝。定義はblitz_render側だが本ファイルで消費・分岐している),英単語または略号,日本語命名の質(英語頭字語の混入禁止)/受理条件7(直訳・専門語の未訳),LambertGGXはランバート拡散反射モデルとGGXマイクロファセット鏡面モデルという2つの専門アルゴリズム名をそのままASCIIで連結したものであり、非専門家はおろかCGの専門用語を知らない読み手には意味が全く復元できない。ユビキタス言語.md本文にも同じ綴りで登録されているが、Vulkan仕様書・validation layerの指摘文と一致させる必要がある「第3群語彙」(BC1・スワップチェーン等)には該当しない社内造語であり、翻訳を免除される理由が無い,遠方環境の乱反射と鏡面反射の合成、または初出時に括弧で「LambertGGX(ランバート拡散反射とGGX鏡面反射を合成する近似)」と補足する,命名_区画060_2026-09-12.md
060,blitz_engine,crates/blitz_engine/src/sky/sun_zenith_crossing.rs,76,"収める(一覧, 上側と方向, 下側と上側の秒, 方針と刻み)(モジュール直下の自由関数)",なし,受理条件2(ASCIIモジュール直下の自由関数は名前単独で答える)/受理条件5(裸の動詞の禁止),sun_zenith_crossingはASCIIモジュールであり補完力ゼロ。収めるは「何を・どこへ収めるか」を名前が一切示さず、単独では「これは何?」に答えられない。第一引数一覧が対象であることは呼び出し側の実引数を読まないと分からない,一覧へ跨ぎを追加する、または未収録の跨ぎだけ一覧へ足す,命名_区画060_2026-09-12.md
060,blitz_engine,crates/blitz_engine/src/sky/continuity_tests.rs,17,導出する(秒数: f64) -> 天空状態(テストモジュール直下の自由関数),英字1文字・数字,受理条件2/受理条件5,continuity_testsはASCIIモジュール名であり補完力ゼロ。導出するは何を導出するのかを名前に持たず、戻り値の型(天空状態)を見て初めて分かる,秒数から天空状態を導出する,命名_区画060_2026-09-12.md
060,blitz_engine,crates/blitz_engine/src/sky/derive_tests.rs,14,導出する(時: f64) -> 天空状態(テストモジュール直下の自由関数),英字1文字・数字,受理条件2/受理条件5,上と同じ理由。derive_testsもASCIIモジュール,時から天空状態を導出する,命名_区画060_2026-09-12.md
060,blitz_engine,crates/blitz_engine/src/sky/sun_symmetry_tests.rs,19,導出する(時: f64) -> 天空状態(テストモジュール直下の自由関数),英字1文字・数字,受理条件2/受理条件5,上2件と同じ理由。3ファイルで同型の裸動詞が繰り返されている,時から天空状態を導出する,命名_区画060_2026-09-12.md
060,blitz_engine,crates/blitz_engine/src/sky/policy_tests.rs,70,段(値: f32) -> 露出補正段(テストモジュール直下の自由関数),英字1文字・数字,受理条件4(品詞の規律。処理なのに名詞形)/呼称と語の選択(漢字圧縮に近い切り詰め),露出補正段という完全な語を1文字段へ切り詰めた形であり、着手順4を順4と呼んだ実例と同型。呼び出し側段(0.0)だけを読んでも何の段か分からない,露出補正段を作る,命名_区画060_2026-09-12.md
060,blitz_engine,crates/blitz_engine/src/sky/policy_tests.rs,74,強度(値: f32) -> 太陽光強度(テストモジュール直下の自由関数),英字1文字・数字,受理条件4/受理条件1,太陽光強度から太陽光を落とした切り詰め。単独では何の強度か特定できない(環境光強度・露出補正段も同じ文脈に登場する),太陽光強度を作る,命名_区画060_2026-09-12.md
060,blitz_engine,crates/blitz_engine/src/sky/policy_tests.rs,78,白() -> 太陽光色(テストモジュール直下の自由関数),なし,受理条件1/受理条件4,引数無しの名詞1語で、何の白か(太陽光色の白であること)を名前が示さない。品詞は名詞だが実体は値を組み立てる処理である,白い太陽光色を作る,命名_区画060_2026-09-12.md
060,blitz_engine,crates/blitz_engine/src/sky/sun_zenith_crossing_tests.rs,15,刻み(区間の数: u16) -> 間引きの刻みの設定(テストモジュール直下の自由関数),英字1文字・数字,受理条件4/呼称と語の選択(切り詰め),間引きの刻みの設定を刻みへ切り詰めた形。処理(値オブジェクトの生成)なのに名詞形になっている,間引きの刻みの設定を作る,命名_区画060_2026-09-12.md
060,blitz_engine,crates/blitz_engine/src/sky/sun_zenith_crossing_tests.rs,19,"天頂余弦(一日内秒: f64, 方針: &空と太陽の方針) -> f32(テストモジュール直下の自由関数)",英字1文字・数字,受理条件4,引数から天頂余弦を計算する処理なのに名詞1語で、動作(「一日内秒における太陽の天頂余弦を求める」)が名前に無い,一日内秒における太陽の天頂余弦を求める,命名_区画060_2026-09-12.md
060,blitz_engine,crates/blitz_engine/src/sky/sun_zenith_crossing_tests.rs,24,"識別(一日内秒: f64, 方針: &空と太陽の方針, 設定: 間引きの刻みの設定) -> u16(テストモジュール直下の自由関数)",英字1文字・数字,受理条件4/呼称と語の選択(切り詰め),区間識別から区間を落とした切り詰め。処理なのに名詞形,区間識別を求める,命名_区画060_2026-09-12.md
060,blitz_engine,crates/blitz_engine/src/sky/sun_zenith_interval_tests.rs,11,刻み(区間の数: u16) -> 間引きの刻みの設定(テストモジュール直下の自由関数),英字1文字・数字,受理条件4/呼称と語の選択(切り詰め),sun_zenith_crossing_tests.rs:15と同型・同名の重複違反,間引きの刻みの設定を作る,命名_区画060_2026-09-12.md
060,blitz_engine,crates/blitz_engine/src/sky/sun_zenith_interval_tests.rs,15,"識別(天頂余弦: f32, 区間の数: u16) -> u16(テストモジュール直下の自由関数)",英字1文字・数字,受理条件4/呼称と語の選択(切り詰め),sun_zenith_crossing_tests.rs:24と同型の重複違反,区間識別を求める,命名_区画060_2026-09-12.md
065,blitz_engine,crates/blitz_engine/src/terrain_lod/distance.rs,10,x差,英字1文字,識別子へのASCII混入(受理条件1「これは何?」への単独回答不成立。実例が挙げるASCII混入禁止に該当),日本語のみの中で「差」の対象が数式のx軸を指すと分かるのはxという数学記号を読める前提のときだけであり、「これは何?」に日本語だけで答えられない,X軸方向の距離 または 横方向の距離,命名_区画065_2026-09-12.md
065,blitz_engine,crates/blitz_engine/src/terrain_lod/distance.rs,11,z差,英字1文字,同上,同上(Z軸),Z軸方向の距離 または 奥行き方向の距離,命名_区画065_2026-09-12.md
065,blitz_engine,crates/blitz_engine/src/terrain_lod_tests/distance.rs,12,視点x(ループ変数。15行目・16行目でも参照),英字1文字・数字,識別子へのASCII混入(受理条件1・実例のASCII禁止),「視点」という日本語の直後に英字xを継ぎ足しており、軸を指す記号を読めない人はこの値が何の成分かを名前だけから復元できない,視点のX座標 または 視点の横位置,命名_区画065_2026-09-12.md
066,blitz_engine,crates/blitz_engine/src/visibility/combined_select.rs,"24,29",個体LOD選択設定,英単語または略号,日本語命名の質(頭字語混入禁止)、受理条件2(ASCII識別子は補完力ゼロ),LOD(Level of Detail)はUI/API/GPUのような非専門家にも通用する語ではなく、LUT・UBO等と同格の業界頭字語である。同じ関心事を指す既存の日本語置き換え個体詳細段(同ファイル71行目で使用)が既にあるのに、設定型の名前だけ英語の頭字語のまま日本語識別子へ混ぜている。定義自体はこの区画の外(クレート直下)にあるが、識別子はこの区画内(combined_select.rs)で読まれる,個体詳細段選択設定(またはLODを使わない同義の日本語)。定義側のリネームが必要なため、リネーム員は定義ファイルも合わせて特定すること,命名_区画066_2026-09-12.md
066,blitz_engine,crates/blitz_engine/src/visibility/band_light_box/ortho_box.rs,92,組み立てる,なし,受理条件3(5W1Hの必要格の欠落)、受理条件5(裸の動詞の禁止),"プライベートな自由関数(band_light_box::ortho_boxモジュール直下)であり、型のレシーバも関連関数の型名も持たない。名前だけでは「何を組み立てるか」が答えられず、単独では「範囲内直方体を組み立てる」処理だと復元できない。呼び出し元組み立てる([0, 1, 2].map(...))を読んでも、戻り値の型(Option<範囲内直方体>)まで見ないと分からない",範囲内直方体を組み立てる,命名_区画066_2026-09-12.md
066,blitz_engine,crates/blitz_engine/src/visibility/stage_bucket/tally.rs,90,枠,なし,受理条件4(品詞の規律。処理が名詞形になっている),プライベートな自由関数(stage_bucket::tallyモジュール直下)で、段番号の範囲外アクセスをpanicで守りながら可変参照を返す処理を持つ。名前が「枠」という単独の名詞のみであり、「これは何?」への答えが「(段の)枠」という値の呼称にしかならず、実際に行っている「取得する・境界を検査する」という処理を予告しない。同じファイル内の一件足すが動詞句+目的語で書かれているのと対照的である,段の枠を取得する,命名_区画066_2026-09-12.md
068,blitz_game,crates/blitz_game/src/game_intent.rs,21,impl ゲームインテント,英単語または略号,同上,同上,同上に追従,命名_区画068_2026-09-12.md
068,blitz_game,crates/blitz_game/src/game_state.rs,48,入力.インテント,なし,受理条件7(直訳),「インテント」は意図の未翻訳。同じ型一刻みの移動の入力の他フィールドは刻み・前へ進む向きと平易な日本語であり、この1フィールドだけ未翻訳の借用語になっている(1語1義以前に、同じ構造体内で訳語の方針が割れている),フィールド名を操作の意図へ(構造体定義側の是正が必要),命名_区画068_2026-09-12.md
068,blitz_game,crates/blitz_game/src/player_move.rs,"25,30",入力.インテント,なし,同上,同上,同上,命名_区画068_2026-09-12.md
068,blitz_game,crates/blitz_game/src/stage_transition.rs,"12,14,15,18,25,26,31,37,38,47,49,52",引数・変数名インテント(ゲームインテント型の値を受ける仮引数),なし,同上,型名ゲームインテント自体が未翻訳であるため、そのレシーバ変数名も同じ借用語をそのまま踏襲している,型の改名(違反1)に追従して意図または操作の意図,命名_区画068_2026-09-12.md
068,blitz_game,crates/blitz_game/src/game_state_tests.rs,"35,46,53",インテント(フィールド初期化子・関数名前へ進むインテント・決定だけのインテント),なし,同上,同上,前へ進む意図・決定だけの意図,命名_区画068_2026-09-12.md
068,blitz_game,crates/blitz_game/src/player_move_tests.rs,"19,26,43,48,56,74,81,89,103",インテント(関数名前へ倒したインテント・右へ倒したインテント・仮引数インテント),なし,同上,同上,前へ倒した意図・右へ倒した意図,命名_区画068_2026-09-12.md
068,blitz_game,crates/blitz_game/src/player_move_facing_tests.rs,"18,25,34,38,57,64,71",同上のパターン,なし,同上,同上,同上,命名_区画068_2026-09-12.md
068,blitz_game,crates/blitz_game/src/stage_transition_tests.rs,"6,13",関数名決定だけのインテント・キャンセルだけのインテント,なし,同上,同上,決定だけの意図・キャンセルだけの意図,命名_区画068_2026-09-12.md
071,blitz_math,crates/blitz_math/src/deterministic_value.rs,43,混ぜる (自由関数),なし,条件2・条件5(裸の動詞の禁止),ASCIIモジュール deterministic_value 直下の非公開自由関数で、レシーバも型名も無く名前単独で答える必要がある。「混ぜる」は動詞だけで目的語(何を混ぜるか)が欠けており、「これは何?」に単独で答えられない。呼び出し箇所を見ると64ビット整数のビットを撹拌するsplitmix64の混合段である。,六十四ビットの値を混ぜ合わせる または splitmix64の混合段を適用する(和訳語で言うなら混合段を適用する),命名_区画071_2026-09-12.md
071,blitz_math,crates/blitz_math/src/deterministic_value.rs,32,零以上一未満 (決定的な値の生成器 のメソッド),なし,条件1・条件4(品詞の規律),名前が名詞句でも動詞句でもなく、値の範囲だけを述べた断片になっている。戻り値がf32であるにもかかわらず、「〜か」を伴わない条件文めいた語形のため、初見では真偽値判定メソッドとも読める(「0以上1未満か」の「か」が欠落した形に見える)。実体は添字と用途から値を計算する処理であり、「これは何?」に単独で答えられない。,零以上一未満の値を求める または 添字と用途から零以上一未満の値を求める,命名_区画071_2026-09-12.md
072,blitz_math,crates/blitz_math/src/frame 第1区画/inertia_tensor.rs,42-47,ローカル変数 ω・h(ジャイロ項を陰的に一段解くの本体),ギリシャ文字・英字1文字,識別子へのギリシャ文字・ASCII英字の混入禁止(オーナー実例「Σλ_n」と同型),ωはギリシャ文字1文字、hはASCII1文字であり、どちらも小学生は言うに及ばず日本語の非専門家が読んでも量の種類(角速度・刻み幅)を復元できない。コメントの数式表記としてなら許されるが、コードの識別子として使っている,ω→角速度、h→刻み幅(関数冒頭で刻み幅.値()を束ねた既存の命名と揃える),命名_区画072_2026-09-12.md
072,blitz_math,crates/blitz_math/src/frame 第1区画/inertia_tensor.rs,52-54,ローカル変数 ω(ジャイロ項を陽的に一段足すの本体),ギリシャ文字,同上,同上,ω→角速度,命名_区画072_2026-09-12.md
072,blitz_math,crates/blitz_math/src/frame 第1区画/rotation_dynamics.rs,"38,41",ローカル変数 q(正規化しない微小回転の更新),英字1文字,同上(ASCII英字1文字),qはクォータニオンを指す英語の頭字1文字であり、読み手はレシーバの型名からしか復元できない(補完源が英語識別子頼みで受理条件2の限定に反する),q→元の内部クォータニオンまたは回転前,命名_区画072_2026-09-12.md
072,blitz_math,crates/blitz_math/src/frame 第1区画/rotation_dynamics.rs,61-62,ローカル変数 q(短い弧の側),英字1文字,同上,同上,q→内部クォータニオン,命名_区画072_2026-09-12.md
072,blitz_math,crates/blitz_math/src/frame 第1区画/rotation_dynamics.rs,"46,52",ローカル変数 q(微小回転として回転ベクトルへ・対数写像で回転ベクトルへ),英字1文字,同上,同上,q→短い弧側のクォータニオン,命名_区画072_2026-09-12.md
072,blitz_math,crates/blitz_math/src/frame 第1区画/rotation_dynamics_tests.rs,63-64,ローカル変数 q,英字1文字,同上,試験コードでも同じ理由で読めない,q→四元数または求めた回転,命名_区画072_2026-09-12.md
072,blitz_math,crates/blitz_math/src/frame 第1区画/rotation.rs,50,メソッド slerp,英単語または略号,直訳・頭字語の禁止(条件7、日本語命名の質「英語の頭字語・省略語を日本語の中に混ぜない」),"slerpは""Spherical Linear Interpolation""の省略語で、英語を知らない読み手はこの綴りから「球面線形補間」を復元できない。同じ型の他のメソッドはすべて日本語である",球面線形補間する,命名_区画072_2026-09-12.md
072,blitz_math,crates/blitz_math/src/frame 第1区画/rotation.rs,50,仮引数 t(slerpの第2引数),英字1文字・英単語または略号・数字,識別子へのASCII英字の混入禁止,tは補間係数を表す慣習記号だが、非専門家はこの1文字から「0で自分・1で相手」という意味を復元できない,t→補間係数,命名_区画072_2026-09-12.md
072,blitz_math,crates/blitz_math/src/frame 第1区画/rotation.rs,56,メソッド 境界用xyzw配列,英単語または略号,日本語命名の質「単語らしく見せるために助詞を省かない」(膠着圧縮)、識別子へのASCII混入,xyzwという4文字の英字ラベルを日本語へ助詞なしで貼り付けており、「境界用の配列で中身がxyzwの並び」という関係が一目で読めない,境界用のxyzw順配列(または境界用の実数4つ組(xyzw順)のように格を明示),命名_区画072_2026-09-12.md
072,blitz_math,crates/blitz_math/src/frame 第1区画/transform.rs,36,メソッド gpu境界用列優先配列,英単語または略号,同上(膠着圧縮+ASCII混入。GPUは専門用語の表記の節で補足不要語だが、小文字のgpuを助詞なしで直結している点が問題),「gpu」+「境界用」+「列優先配列」が助詞なしで一続きになっており、どれがどこに掛かるか(GPU境界のための配列なのか、GPU用の列優先なのか)が一読で決まらない,GPU境界用の列優先配列,命名_区画072_2026-09-12.md
073,blitz_math,crates/blitz_math/src/frame/trs_tests.rs,8,slerpは端点で一致する,英単語または略号,日本語命名の質(英語の頭字語・省略語を日本語へ混ぜない)+専門用語の表記(初出時の補足が無い),slerpは球面線形補間(Spherical Linear Interpolation)の略であり、ユビキタス言語.mdに登録が無く、ファイル内にも初出補足が無い。英語を知らない読み手はこの試験が何を検証しているか名前から復元できない,球面線形補間は端点で一致する,命名_区画073_2026-09-12.md
076,blitz_render,crates/blitz_render/src/ui_mesh.rs,13,テクスチャid（フィールド名）,英単語または略号,条件6(1語1義)・条件2(補完してよい文脈の限定は綴りの一致を含意),ユビキタス言語.mdの登録語は「テクスチャID」(大文字)であり、同ファイルが実際に使う型名もUIテクスチャID(大文字)である。フィールド名だけ英単語部分を小文字「id」で日本語複合語へ直接接着しており、読み手は「テクスチャID」と同じ概念か、大文字小文字を区別する別概念かを名前だけから判別できない,テクスチャID（型名と綴りを揃える）,命名_区画076_2026-09-12.md
076,blitz_render,crates/blitz_render/src/ui_texture_material.rs,24,期待バイト数u64（ローカル変数名）,英字1文字・数字,識別子へのASCII混入の禁止(定義の実例が挙げる「識別子にASCIIを入れたものは不合格」に該当)・条件1(受理テスト),Rustの型接尾辞「u64」を日本語の複合語へ直接接着した識別子であり、単独で読むと「バイト数64」のような数量の意味と紛れる。実体は「u64型で計算した期待バイト数の中間値」だが、u64が型情報の漏出であって名前の格を担っていない,期待バイト数の64ビット中間値 または単に 期待バイト数64を避けて期待バイト数のシャドーイングをやめ、コメントで型の理由を書く,命名_区画076_2026-09-12.md
077,blitz_render,crates/blitz_render/src/atmosphere/atmosphere_tests.rs,50,m(関数名。fn m(値: f32) -> メートル),英字1文字・英単語または略号・数字,落ちた条件: 1・2,"ASCII1文字の関数名であり「これは何?」に単独で答えられない。メートル値オブジェクトへ包むだけの処理を1文字の英字へ圧縮しており、オーナーが不合格にしたnと同型。この関数はatmosphere_tests配下の少なくとも8ファイル(intersect_tests.rs・density_tests.rs・optical_length_tests.rs・multiscatter_series_tests.rs・transmittance_tests.rs・scalar_field_tests.rsほか)でuse super::{m, ...}により再利用され、違反が伝播している",メートルに包む,命名_区画077_2026-09-12.md
077,blitz_render,crates/blitz_render/src/atmosphere/atmosphere_tests/intersect_tests.rs,"41,43-45,56-59",mu(ループ変数・仮引数),英単語または略号,落ちた条件: 2,ギリシャ文字μのローマ字表記をそのままASCII識別子として使っている。天頂余弦の値を表すことは余弦(mu)という呼び出しからしか分からず、名前単独では数式変数にしか見えない,天頂余弦候補または余弦値,命名_区画077_2026-09-12.md
077,blitz_render,crates/blitz_render/src/atmosphere/atmosphere_tests/intersect_tests.rs,"42,44",r(ローカル変数。半径のf64値),英字1文字・数字,落ちた条件: 1・2,ASCII1文字。同じ関数内に日本語の高度・媒体があるのに、この変数だけ数式記号として書かれている,半径,命名_区画077_2026-09-12.md
077,blitz_render,crates/blitz_render/src/atmosphere/atmosphere_tests/intersect_tests.rs,43-44,d(ローカル変数。距離のf64値),英字1文字・数字,落ちた条件: 1・2,ASCII1文字。閉形式の検算をそのままRustへ写した結果、数式の記号がコード識別子へ漏れている,距離,命名_区画077_2026-09-12.md
077,blitz_render,crates/blitz_render/src/atmosphere/atmosphere_tests/optical_length_tests.rs,"55-56,59,72-73,75",mu(ループ変数・ローカル変数),英単語または略号,落ちた条件: 2,2と同型。同ファイル内で余弦という日本語名も既に使われており、muだけが英字のまま残っている,天頂余弦候補,命名_区画077_2026-09-12.md
077,blitz_render,crates/blitz_render/src/atmosphere/atmosphere_tests/transmittance_tests.rs,73-74,mu(ループ変数),英単語または略号,落ちた条件: 2,2・5と同型,天頂余弦候補,命名_区画077_2026-09-12.md
077,blitz_render,crates/blitz_render/src/atmosphere/atmosphere_tests/transmittance_tests.rs,"15-16,18,34",mu段(ループ変数。ASCIIのmuと日本語の段を連結した複合識別子),英単語または略号,落ちた条件: 2,日本語の複合語に見せかけてASCII語根muを埋め込んでおり、オーナーが挙げた「段A2」型の圧縮と同じ構造の違反である。同じファイルの他のループでは段のみで足りている(例: 47行目),余弦段,命名_区画077_2026-09-12.md
077,blitz_render,crates/blitz_render/src/atmosphere/atmosphere_tests/phase_tests.rs,"12,14,29,33,43-46,52-55",nu(ローカル変数・クロージャ仮引数),英単語または略号,落ちた条件: 2,ギリシャ文字νのローマ字表記。散乱角余弦を表す値だが、名前だけでは何のギリシャ文字を指しているか非専門家に伝わらない,散乱角余弦値,命名_区画077_2026-09-12.md
077,blitz_render,crates/blitz_render/src/atmosphere/atmosphere_tests/phase_tests.rs,31,g(ループ変数。非対称係数の値),英字1文字,落ちた条件: 1・2,ASCII1文字。他の箇所では係数・非対称係数という日本語名を使っており、この変数だけ物理記号gのまま書かれている,非対称係数値,命名_区画077_2026-09-12.md
077,blitz_render,crates/blitz_render/src/atmosphere/atmosphere_tests/skyview_lookup_tests.rs,"20,48,82",y(ループ変数。視線のワールドY成分=天頂余弦相当の値),英字1文字,落ちた条件: 1・2,ASCII1文字。数式の軸名をそのまま識別子にしており、周辺の水平・視線という日本語名と並ぶと単独で意味を持たない,天頂成分,命名_区画077_2026-09-12.md
079,blitz_render,crates/blitz_render/src/atmosphere/table/bilinear.rs,11,添字と比(自由関数),なし,条件4(品詞の規律)・条件1(受理テスト),この関数は双一次補間の添字と混ぜ具合を計算する処理(処理=動詞句「〜する」が必須)だが、名前が名詞の並びで止まっており「〜する処理です」への答えとして成立しない。ASCIIモジュールbilinear.rs直下の自由関数のため文脈補完もゼロである,添字と比を求める,命名_区画079_2026-09-12.md
079,blitz_render,crates/blitz_render/src/atmosphere/table/bilinear.rs,20,混ぜる(自由関数),なし,条件3(5W1Hの必要格)・条件2(ASCII直下の補完ゼロ),"「何を」混ぜるかが名前に無い。呼び出し側は bilinear::混ぜる(a, b, c, d, 横比, 縦比) の形で位置引数だけを見るため、名前単独では四隅の値を混ぜていることが分からない。ASCIIモジュール直下の自由関数のため引数名にも頼れない",四隅の値を比で混ぜる,命名_区画079_2026-09-12.md
079,blitz_render,crates/blitz_render/src/atmosphere/table/multiscatter_table.rs,50,テクセル(privateメソッド),英単語または略号,条件4(品詞の規律),境界チェックとpanicを行う処理(処理)なのに名前が名詞1語で止まっている。値=名詞句/処理=動詞句の規律に反する,テクセルを参照する,命名_区画079_2026-09-12.md
079,blitz_render,crates/blitz_render/src/atmosphere/table/skyview_table.rs,62,テクセル(privateメソッド),英単語または略号,条件4(品詞の規律),同上(同一パターンが3ファイルで反復している),テクセルを参照する,命名_区画079_2026-09-12.md
079,blitz_render,crates/blitz_render/src/atmosphere/table/transmittance_table.rs,44,テクセル(privateメソッド),英単語または略号,条件4(品詞の規律),同上,テクセルを参照する,命名_区画079_2026-09-12.md
079,blitz_render,crates/blitz_render/src/atmosphere/quantity/normalized_density.rs,21,検証済みの値から(関連関数),なし,条件4(品詞の規律),生成の処理(処理)なのに動詞「生成する」に相当する語尾が無く、名詞句「〜から」で止まっている。型名が目的語を担う条件5の適用対象は動詞「生成する」自体がある場合であり、動詞そのものが欠けた本例には及ばない,検証済みの値から生成する,命名_区画079_2026-09-12.md
079,blitz_render,crates/blitz_render/src/atmosphere/quantity/phase_value.rs,20,検証済みの値から(関連関数),なし,条件4(品詞の規律),同上(同一パターンが4ファイルで反復している),検証済みの値から生成する,命名_区画079_2026-09-12.md
079,blitz_render,crates/blitz_render/src/atmosphere/quantity/zenith_cosine.rs,20,検証済みの値から(関連関数),なし,条件4(品詞の規律),同上,検証済みの値から生成する,命名_区画079_2026-09-12.md
079,blitz_render,crates/blitz_render/src/atmosphere/quantity/transmittance_rgb.rs,25,検証済みの成分から(関連関数),なし,条件4(品詞の規律),同上,検証済みの成分から生成する,命名_区画079_2026-09-12.md
080,blitz_render,crates/blitz_render/src/cascade/build.rs,16,組み立てる(pub(crate) fn 組み立てる(...)),英単語または略号,条2・条3・条5,ASCIIモジュールbuild.rs直下の自由関数で、レシーバも型名による補完も無い。名前が動詞のみで目的語が無く、「何を組み立てるか」が単独で読めない(戻り値多段一式は名前に出ていない)。受理条件が明示するcreate::生成すると同型の違反。,改名案: 多段一式を組み立てる,命名_区画080_2026-09-12.md
080,blitz_render,crates/blitz_render/src/cascade/split.rs,18,"分割する(pub(super) fn 分割する(近深度, 遠深度, 設定) -> 分割結果)",英単語または略号,条2・条3・条5,ASCIIモジュールsplit.rs直下の自由関数。呼び出し側の引数名(近深度・遠深度・設定)は受理条件が認める補完源(型名・レシーバ)に当たらないため、名前単独では「何を分割するか」が読めない(視錐台の深度区間を距離区分へ割るという実体が名前に無い)。,改名案: 視錐台の深度区間を距離区分へ分割する,命名_区画080_2026-09-12.md
080,blitz_render,crates/blitz_render/src/cascade/snap.rs,57,位置から生成する(fn 位置から生成する(ベクトル: DVec3) -> 大域ワールド位置),英単語または略号・数字,条1・条3,「〜から生成する」は日本語として「位置を材料にして何かを作る」と読めるが、実際の引数はベクトルであり、生成される側が位置(大域ワールド位置)である。入力と出力が名前の中で逆転しており、単独では復元できない。,改名案: ベクトルから大域ワールド位置を生成する,命名_区画080_2026-09-12.md
080,blitz_render,crates/blitz_render/src/cascade/camera_frustum.rs,84,中心(fn 中心(隅一覧: &[Vec3; 4]) -> Vec3),英単語または略号・数字,条4,4隅の平均座標を計算する処理(値を求める関数)なのに、名前が結果の値を指す名詞1語になっている。呼び出し箇所を見ないと「中心という値を返すフィールド」なのか「中心を計算する処理」なのか区別できない。,改名案: 中心を求める,命名_区画080_2026-09-12.md
080,blitz_render,crates/blitz_render/src/cascade/cascade_tests/snap_tests.rs,71,"テクセル座標(fn テクセル座標(一式, 番号, 相対フレーム原点, 静止物) -> [f64; 2])",英字1文字・英単語または略号・数字,条4,光源クリップ座標をテクセル単位へ変換する処理なのに名詞形。値を保持するフィールドではなく毎回計算する関数であるため、動詞句であるべき。,改名案: テクセル座標を求める,命名_区画080_2026-09-12.md
080,blitz_render,crates/blitz_render/src/cascade/cascade_tests/snap_tests.rs,85,"光空間の成分(fn 光空間の成分(位置, 基準, 光の向き) -> [f64; 3])",英字1文字・英単語または略号・数字,条4,光空間の3軸へ射影する処理なのに名詞形。5番と同型の品詞偽装。,改名案: 光空間の成分を求める,命名_区画080_2026-09-12.md
080,blitz_render,crates/blitz_render/src/cascade/cascade_tests.rs,15,m(fn m(値: f32) -> メートル),英字1文字・英単語または略号・数字,条1(受理テスト)+日本語命名の原則(CLAUDE.md「命名」節「やってることをそのまま日本語で書く」),単独のASCII1文字。「これは何?」に単独で答えられず、日本語の識別子の中に英字1文字の裸名が混じっている。テストヘルパーとして全ファイルから使われ続けるため影響範囲が広い。,改名案: メートルにする,命名_区画080_2026-09-12.md
081,blitz_render,crates/blitz_render/src/cloth_material/readback.rs,9,ラグランジュ乗数一覧(構造体布の読み戻しのフィールド),なし,条件3(5W1Hの必要格),同じ構造体の兄弟フィールドが 目標拘束のラグランジュ乗数一覧・曲げ拘束のラグランジュ乗数一覧 と 拘束の種類を明示しているのに、この1件だけ種類を持たない。ファイル冒頭の説明が 「目標拘束と曲げ拘束の乗数は距離拘束の乗数の後ろに続く1本のGPUバッファから写し」と書いており、 この値が距離拘束の乗数であることは文書を読まないと分からない。3つの中で1つだけ無印にすると、 読み手は「無印は距離拘束か、それとも何かの既定か」を都度確かめることになる。,距離拘束のラグランジュ乗数一覧,命名_区画081_2026-09-12.md
083,blitz_render,crates/blitz_render/src/clustered_lighting/sphere_intersection.rs,30,z成分(パラメータ名),英字1文字,落ちた条件: 識別子へのASCII文字混入の禁止(受理条件の運用上の付帯規律。実例「段階A2の候補」と同型),ASCIIの英字zが日本語識別子の中に直接混ざっており、日本語の名として完結していない。同じ関数の他方の引数成分と並べたときに、どちらが横軸相当でどちらが奥行き相当かを英字1文字の意味(座標軸のz)を知らないと復元できない,奥行き成分(もう一方の引数成分は呼び出し文脈により横または縦の成分を指すため横または縦の成分のように呼び出し側で読み替えられる名にするか、関数を横用・縦用へ分けて各成分に奥行き成分と対の成分名を与える),命名_区画083_2026-09-12.md
083,blitz_render,crates/blitz_render/src/clustered_lighting/sphere_intersection.rs,30,側面の対から半径以内か,なし,条件3(5W1Hの必要格),「側面の対から半径以内か」という述語には主語(何が半径以内にあるかを判定するのか)が無い。実際は光の中心点の座標成分(成分・z成分)を渡しているが、名前は「対象が何であるか」を一切含まない。単独で読むと「側面の対」自体が何かに含まれるかのように読め、点の位置を判定していることが読み取れない,点が側面の対から半径以内か,命名_区画083_2026-09-12.md
083,blitz_render,crates/blitz_render/src/clustered_lighting/test_fixture.rs,65-68,検査用のセルの錐台(関数),なし,条件4(品詞の規律。処理なのに名詞形),写像と添字の2引数を受けて内部で写像.セルの錐台を求める(添字)を呼び出す処理(計算・失敗しうる値の取り出しを含む)であるにもかかわらず、名前が動詞を持たない名詞句である。同じファイルの検査用の球を作る・検査用のセル添字を作るは動詞「作る」を持ち、この関数だけ動詞が欠けており1つのファイル内で品詞の運用が割れている,検査用のセルの錐台を求める,命名_区画083_2026-09-12.md
083,blitz_render,crates/blitz_render/src/clustered_lighting/test_fixture.rs,72,セル中央のビュー空間の位置(関数),なし,条件4(品詞の規律。処理なのに名詞形),"写像と添字を受け取り、区間の下限・上限から中央値を計算して位置を構成する処理であるにもかかわらず、名詞句のみで書かれている。呼び出し側(sphere_boundary_tests.rs・sphere_intersection_tests.rs)ではセル中央のビュー空間の位置(写像, 添字)という形で計算処理として呼ばれており、値そのものを保持するフィールドではない",セル中央のビュー空間の位置を求める,命名_区画083_2026-09-12.md
085,blitz_render,crates/blitz_render/src/distant_environment/derived/derived_tests/resolution_tests.rs,36,既定のbrdf積分表は256の正方である(テスト関数名),英単語または略号・数字,落ちた条件: 日本語命名の質(頭字語混入禁止)、受理条件7(直訳の検出質問),「brdf」は内部の技術概念(双方向反射率分布関数)を指すASCIIの頭字語であり、日本の非専門家は読めない。しかも同じ関数群がすでに「反射率積分表」という訳語を確立して使っている(brdf_tests.rs・constant_environment_tests.rs等)のに、この1箇所だけ英語の頭字語のまま日本語文へ混ぜており、1語1義の原則にも反する,既定の反射率積分表は256の正方である,命名_区画085_2026-09-12.md
085,blitz_render,crates/blitz_render/src/frame_composition.rs,"15,27",検証する(自由関数、ASCIIモジュールvalidation直下),英単語または略号,落ちた条件: 受理条件2(ASCIIモジュールは補完力ゼロ)・3(5W1Hの必要格)・5(裸の動詞の禁止),use validation::検証する;で取り込み、呼び出し側では検証する(段階一覧)?;と裸の動詞1語だけが残る。ASCIIモジュール名「validation」は補完に使えないため、名前単独では何を検証するのか(段階列の依存順序と必須段階)が読めない。同じファイル内の他の関数(長さを検証する・添字を検証する等、cloth_material配下)は目的語を含めており、この1箇所だけが慣行を破っている,段階列を検証する,命名_区画085_2026-09-12.md
085,blitz_render,crates/blitz_render/src/frame_input/sky_input/validation.rs,"8,26",確かめる・単位化する(自由関数、ASCIIモジュールvalidation直下、呼び出し側はvalidation::確かめる(&材料)・validation::単位化する(材料.太陽方向)),英単語または略号,落ちた条件: 受理条件2・3・5,"ASCIIモジュール修飾子「validation」は補完力ゼロのため、名前単独で読む必要があるが、「確かめる」は何を確かめるのか(空入力の材料の値域)を、「単位化する」は何を単位化するのか(太陽方向)を名前が持たない。同ファイル内の非負を求める(値一覧, 名前)・有限を求める(値一覧, 名前)は対象を引数名でなく関数名にも部分的に示せているが、この2つは完全に裸である",空入力の材料を確かめる・太陽方向を単位化する,命名_区画085_2026-09-12.md
085,blitz_render,crates/blitz_render/src/frame_input/primitive_issue_tray.rs,42,引く(プリミティブ発行受け皿のメソッド),なし,落ちた条件: 受理条件7(直訳の検出質問),グローバルCLAUDE.mdが直訳失敗の実例として名指ししている「lookup→引く」そのものであり、CLAUDE.md本体も「オーナー確定の訳語: lookup/sampleの『引く』→『参照する』」と明記済みである。レシーバプリミティブ発行受け皿があっても、「引く」自体が英語lookupの直訳調であることは変わらない,参照する,命名_区画085_2026-09-12.md
085,blitz_render,crates/blitz_render/src/frame_composition.rs,56,含む(フレーム構成のメソッド、-> bool),英単語または略号,落ちた条件: 受理条件4(品詞の規律。真偽は「〜か」),戻り値がboolなのに動詞終止形のままで、疑問形になっていない。同じ型・同じファイル内の深度プリパスを積むか、同モジュール群のゼロ寸法か・同じ描画対象か・有効か・影へ積むか・このパスへ積むかはすべて「〜か」で終えており、この1箇所だけが規律を破っている,含むか,命名_区画085_2026-09-12.md
086,blitz_render,crates/blitz_render/src/indirect_lighting/bake_plan.rs,11-13,フィールド 遠方環境用スカイビューを焼く 遠方環境を焼く 反射率積分表を焼く(いずれもbool),英単語または略号,落ちた条件: 4(品詞の規律),なぜ読めないか: 受理条件4は「真偽=「〜か」」を要求する。この3フィールドは真偽値なのに「〜を焼く」という裸の動詞句で、宣言だけを見ると処理(焼く動作そのもの)を保持するフィールドに見える。同じ型が公開する読み出しメソッド遠方環境用スカイビューを焼くか()・遠方環境を焼くか()・反射率積分表を焼くか()は正しく「か」を付けており、フィールド名だけがこの型の中で作法を破っている。兄弟型焼き始めの記録(bake_record.rs)のフィールド遠方環境を焼いたか・反射率積分表を焼いたかは「か」を付けており、同じ間接照明の焼き上げ領域の中で命名規則が一致していない,遠方環境用スカイビューを焼くか 遠方環境を焼くか 反射率積分表を焼くか(自身のアクセサと同じ形に揃える),命名_区画086_2026-09-12.md
086,blitz_render,crates/blitz_render/src/indirect_lighting/bake_plan.rs,33,"遠方環境用スカイビューを焼く: bool, 遠方環境を焼く: bool, 反射率積分表を焼く: bool",英単語または略号,落ちた条件: 4(品詞の規律),なぜ読めないか: 上と同じ理由。この関数の仮引数がそのままフィールドへ束縛されるため、引数の時点で真偽値が動詞句のまま渡っている,フィールド名と揃えて〜かにする,命名_区画086_2026-09-12.md
092,blitz_render,crates/blitz_render/src/renderer/generate/generate_resources/base_resources/shared/create.rs,19,生成する(pub(in crate::renderer::generate) fn 生成する。呼び出し側はshared::create::生成する(...)),英単語または略号,条件2・5,モジュールcreateはASCIIでありゼロ補完。呼び出し元(base_resources.rs:40)ではshared::create::生成する(...)と読まれ、何を生成するか名前単独で答えられない。受理条件5が挙げる不合格例そのもの(create::生成する→共有資源を確保する)と同型の実例である,改名案: 共有資源を確保する,命名_区画092_2026-09-12.md
092,blitz_render,crates/blitz_render/src/renderer/generate/generate_resources/base_resources.rs,31,組み立てる(pub(super) fn 組み立てる。呼び出し側はbase_resources::組み立てる(...)),英単語または略号,条件2・3・5,モジュールbase_resourcesはASCII。「組み立てる処理です」は答えになるが「何を」が無く、受理テストの5W1H最小要件(何を+どうする)を満たさない。生成する・作成すると同種の裸動詞である,改名案: 基礎資源を組み立てる,命名_区画092_2026-09-12.md
092,blitz_render,crates/blitz_render/src/renderer/generate/generate_resources/bundle.rs,25,束ねる(pub(super) fn 束ねる。呼び出し側はbundle::束ねる(...)),英単語または略号,条件2・3・5,モジュールbundleはASCII。段別資源をフレーム資源へ束ねる処理だが、名前だけでは何を束ねて何になるか読めない,改名案: 段別資源をフレーム資源へ束ねる,命名_区画092_2026-09-12.md
092,blitz_render,crates/blitz_render/src/renderer/generate/generate_resources/cloth_resources.rs,15,組み立てる(pub(super) fn 組み立てる。呼び出し側はcloth_resources::組み立てる(...)),英単語または略号,条件2・3・5,モジュールcloth_resourcesはASCII。返り値はOption<布一式>だが名前に現れない,改名案: 布一式を組み立てる,命名_区画092_2026-09-12.md
092,blitz_render,crates/blitz_render/src/renderer/generate/generate_resources/particle_resources.rs,15,組み立てる(pub(super) fn 組み立てる。呼び出し側はparticle_resources::組み立てる(...)),英単語または略号,条件2・3・5,モジュールparticle_resourcesはASCII。返り値はOption<粒子リソース一式>だが名前に無い,改名案: 粒子リソース一式を組み立てる,命名_区画092_2026-09-12.md
092,blitz_render,crates/blitz_render/src/renderer/generate/generate_resources/screen_linked_resources.rs,21,組み立てる(pub(super) fn 組み立てる。呼び出し側はscreen_linked_resources::組み立てる(...)),英単語または略号,条件2・3・5,モジュールscreen_linked_resourcesはASCII。返り値は画面連動資源だが名前に無い,改名案: 画面連動資源を組み立てる,命名_区画092_2026-09-12.md
092,blitz_render,crates/blitz_render/src/renderer/generate/generate_resources/simulation_resources.rs,18,組み立てる(pub(super) fn 組み立てる。呼び出し側はsuper::cloth_resources::組み立てるとは別に、自身もsimulation_resources::組み立てる),英単語または略号,条件2・3・5,"モジュールsimulation_resourcesはASCII。戻り値は(Option<スキニング一式>, Option<布一式>)だが名前に無い",改名案: スキニングと布の資源を組み立てる,命名_区画092_2026-09-12.md
092,blitz_render,crates/blitz_render/src/renderer/scene_draw_resources/work_area.rs,44,"プリミティブ発行.引く(チャンク.id(), 対象添字)(定義は本区画外のframe_input/primitive_issue_tray.rs:42)",英単語または略号・数字,条件7,「引く」はlookupの直訳調であり、CLAUDE.mdが既に確定した訳語表(lookup/sampleの「引く」→「参照する」)に反する。英語を知らないと動作(添字引きの照会)を復元できない,改名案: プリミティブ発行.参照する(...)(定義側primitive_issue_tray.rsのメソッド名も同時に改名する必要がある),命名_区画092_2026-09-12.md
093,blitz_render,crates/blitz_render/src/renderer/scene_draw_resources/render_object_resources/render_object_resources/slot_material_ids.rs,36,スロット番号で引く,なし,条件7(直訳の検出),「引く」はlookupの直訳であり、CLAUDE.mdの「命名」節が既に確定した訳語表でlookup/sampleの「引く」→「参照する」へ改めると決めている語そのもの。英語のlookupを知らない人には「引く」が何を指すか(GPUのバッファ操作か、単なる引き算か)復元できない。同じクレート内の同種の操作は材質スロット番号から大域材質idを参照するのように「参照する」を使っており、同じ概念に2つの動詞が併存している(条件6 1語1義にも抵触),スロット番号で参照する,命名_区画093_2026-09-12.md
093,blitz_render,crates/blitz_render/src/renderer/scene_draw_resources/render_object_resources/render_object_resources/slot_binding.rs,20,呼び出し スロット番号で引く(...),なし,条件7,上と同一識別子の呼び出し。定義を直すと連動して直る,(定義側の改名に追従),命名_区画093_2026-09-12.md
093,blitz_render,crates/blitz_render/src/renderer/scene_draw_resources/render_object_resources/work_area/object_entry.rs,60,"可視個体選択一覧.引く(材料.束id, 材料.対象添字)",英単語または略号,条件7,呼び出し先(可視個体選択一覧型、本区画外で定義)のメソッド名が「引く」。束idと対象添字から計画を検索する操作をlookupの直訳で表しており、非専門家が「引く」から検索・参照だと復元できない,束idと対象添字で参照する(定義側の改名が必要。本区画では呼び出し箇所として検出),命名_区画093_2026-09-12.md
093,blitz_render,crates/blitz_render/src/renderer/scene_draw_resources/render_object_resources/work_area/stage_issue.rs,49,台帳.引く(シャドウのキー),なし,条件7,パイプライン台帳からキーで実体を検索する操作が「引く」。同ファイル中の他の検索操作(材質を解決する等)と語が揃っておらず、lookupの直訳がそのまま残っている,台帳.キーで参照する,命名_区画093_2026-09-12.md
093,blitz_render,crates/blitz_render/src/renderer/scene_draw_resources/render_object_resources/work_area/stage_issue.rs,65,台帳.引く(シーンのキー),なし,条件7,同上,同上,命名_区画093_2026-09-12.md
093,blitz_render,crates/blitz_render/src/renderer/scene_draw_resources/render_object_resources/work_area/stage_issue.rs,66,台帳.引く(台帳.深度プリパスのキー(...)),なし,条件7,同上,同上,命名_区画093_2026-09-12.md
093,blitz_render,crates/blitz_render/src/renderer/scene_draw_resources/render_object_resources/work_area/tally.rs,58,引数名 発行数を引く: impl Fn(可視パス) -> usize,英単語または略号,条件7,コールバック引数名が「パスから件数を引く」という説明どおりlookupの意味で使われているが、「引く」は減算とも読め、usizeを返す関数名として紛れる。CLAUDE.mdの確定訳語では「参照する」を使うべき語,発行数を参照する,命名_区画093_2026-09-12.md
093,blitz_render,crates/blitz_render/src/renderer/scene_draw_resources/render_object_resources/work_area/tally.rs,59,引数名 記録側を引く: impl Fn(可視パス) -> 記録側の計数,英単語または略号,条件7,同上,記録側を参照する,命名_区画093_2026-09-12.md
093,blitz_render,crates/blitz_render/src/renderer/scene_draw_resources/render_object_resources/shader_set/position_invariant.rs,"22,24,26,28",定数 命令_OP_DECORATE・装飾_BUILT_IN・装飾_INVARIANT・組み込み_POSITION,英単語または略号,質(頭字語・省略語を日本語へ混ぜない)、条件2,OP_DECORATE・BUILT_IN・INVARIANT・POSITIONはSPIR-V仕様書の生の英語トークンをそのまま日本語の接頭辞へ結合した名前であり、UI/CPU/GPU/APIのように非専門家が読める一般語ではない(SPIR-V仕様を知らない読み手には意味が復元できない)。ASCII部分は「読まれないものとして扱う」規律にも反し、定数名の後半が実質補完不能な暗号になっている,命令コード_装飾指定・装飾種別_組み込み変数・装飾種別_揺らし禁止・組み込み変数種別_位置等、SPIR-Vの語を意訳するか、値の意味(装飾コード18=Invariant等)を日本語で書く。トレーサビリティが要るなら行末コメントでOpDecorate等の仕様上の綴りを添える形にする,命名_区画093_2026-09-12.md
093,blitz_render,crates/blitz_render/src/renderer/scene_draw_resources/render_object_resources/shader_set/position_invariant/word_stream.rs,43,命令一覧を数える(語一覧: &[u32]) -> Vec<命令の範囲>,英字1文字・英単語または略号・数字,条件4(品詞の規律)・条件1(受理テスト),名前は「数える」(count)だが、戻り値は個数(usize等)ではなく命令ごとの範囲を並べたVec<命令の範囲>である。呼び出し元の変数名もlet 命令一覧 = ...であり、「一覧」を代入する動作に「数える」という動詞は実体と食い違う。ファイル冒頭コメントも「命令の先頭位置を列挙する」と書いており、実装者自身が「数える」でなく「列挙」と説明している,命令一覧を列挙する(自身の関数コメント「ヘッダの後ろに並ぶ命令を先頭から列挙する」と一致させる),命名_区画093_2026-09-12.md
093,blitz_render,crates/blitz_render/src/renderer/scene_draw_resources/render_object_resources/ui_dispatch/merge.rs,32,self.ui一式.setを取得する(メッシュ.テクスチャid),英単語または略号,質(頭字語・省略語を日本語へ混ぜない)、条件2,setは英単語がそのまま日本語の助詞「を」に接続されており、UI/GPU等の一般に通用する頭字語ではない生の英単語である。ディスクリプタセットを指すなら「セット」または「ディスクリプタセット」に訳すべきで、ASCII部分は補完力ゼロという規律にも反する,self.ui一式.ディスクリプタセットを取得する(メッシュ.テクスチャid),命名_区画093_2026-09-12.md
094,blitz_render,crates/blitz_render/src/visible_instance_selection/list.rs,44,引く(可視個体選択一覧::引く),なし,落ちた条件: 7(直訳の検出質問),"実装は「選択一覧を線形走査して束idと描画対象添字が一致する要素を探し、無ければNoneを返す」検索処理であり、英語の""lookup""の直訳である。プロジェクトのCLAUDE.md「命名」節はオーナー確定の訳語として「lookup/sampleの「引く」→「参照する」」を明記しており、この識別子はその禁止形そのものに当たる。読み手は「引く」だけでは「何を引く算段なのか」(在庫から引く? 差し引く?)を復元できず、英語のlookupを知って初めて「検索して取り出す」の意味だと分かる",束idと描画対象添字から個体描画計画を探す または 束idと描画対象添字で参照する,命名_区画094_2026-09-12.md
095,blitz_render,crates/blitz_render/src/vulkan/atmosphere_lut/binding_set/create/descriptors.rs,40,作る(関数名),なし,条件2・条件5,"ASCIIモジュールdescriptors直下の自由関数が裸の動詞のみで、名前単独で「何を作るか」に答えられない。受理条件が挙げる founding 例(create::生成する→共有資源を確保する)と全く同型の違反である。呼び出し元はdescriptors::作る(確保係, 基盤)であり、モジュール名descriptorsはASCIIのため読まれない前提に立つと「作る」だけが残る",ディスクリプタ五点を作る,命名_区画095_2026-09-12.md
095,blitz_render,crates/blitz_render/src/vulkan/atmosphere_lut/binding_set/create/pipelines.rs,20,作る(関数名),なし,条件2・条件5,同上。ASCIIモジュールpipelines直下の自由関数が裸の「作る」のみで、5本のパイプラインを作ることが名前に無い,5本の生成パイプラインを作る,命名_区画095_2026-09-12.md
095,blitz_render,crates/blitz_render/src/vulkan/atmosphere_lut/base_resources/images.rs,12,順に作る(関数名),なし,条件3,「順に」は副詞句であり目的語ではない。ASCIIモジュールimages直下の自由関数だが、名前だけでは「ベイク済み画像を」作ることが分からない,ベイク済み画像を順に作る,命名_区画095_2026-09-12.md
095,blitz_render,crates/blitz_render/src/vulkan/atmosphere_lut/probe/record.rs,103,登録する(関数名),なし,条件3・条件5,ASCIIモジュールrecord直下の自由関数が裸の動詞のみ。引数画像があるにもかかわらず名前に目的語が無く、「何を登録するか」(グラフへの画像登録)が名前単独で読めない,画像をグラフへ登録する,命名_区画095_2026-09-12.md
097,blitz_render,crates/blitz_render/src/vulkan/auto_exposure/auto_exposure/input.rs,13,集計pipeline (フィールド),英単語または略号,条件2・6,同じクレートのpipelines.rsは同じ概念を集計(型vk::Pipeline)で持ち、こちらだけ英語「pipeline」を貼り付けている。読み手はカタカナに揃うと期待するが揃わない,集計パイプライン,命名_区画097_2026-09-12.md
097,blitz_render,crates/blitz_render/src/vulkan/auto_exposure/auto_exposure/input.rs,14,集計layout,英単語または略号,条件2・6,同ファイル内で他の値は日本語だが、この語だけ英語のまま。pipelines.rsの集計レイアウトと綴りが食い違う,集計レイアウト,命名_区画097_2026-09-12.md
097,blitz_render,crates/blitz_render/src/vulkan/auto_exposure/auto_exposure/input.rs,15,導出pipeline,英単語または略号,条件2・6,同上,導出パイプライン,命名_区画097_2026-09-12.md
097,blitz_render,crates/blitz_render/src/vulkan/auto_exposure/auto_exposure/input.rs,16,導出layout,英単語または略号,条件2・6,同上,導出レイアウト,命名_区画097_2026-09-12.md
097,blitz_render,crates/blitz_render/src/vulkan/auto_exposure/bloom/create.rs,21,単一読みlayout・二読みlayout (ローカル変数),英単語または略号,条件2・6,同じ関数内でレイアウト2種を作る・セットレイアウトを確保するは日本語なのに、受け取った変数名だけ英語が残る,単一読みレイアウト・二読みレイアウト,命名_区画097_2026-09-12.md
097,blitz_render,crates/blitz_render/src/vulkan/auto_exposure/bloom/mod.rs,26,単一読みlayout (フィールド、型宣言から作ったセットレイアウト<1>),英単語または略号・数字,条件2・6,型名自体は「セットレイアウト」という日本語なのに、保持するフィールド名だけ英語,単一読みレイアウト,命名_区画097_2026-09-12.md
097,blitz_render,crates/blitz_render/src/vulkan/auto_exposure/bloom/mod.rs,27,二読みlayout,英単語または略号,条件2・6,同上,二読みレイアウト,命名_区画097_2026-09-12.md
097,blitz_render,crates/blitz_render/src/vulkan/auto_exposure/bloom/mod.rs,25,sampler (フィールド、型vk::Sampler),英単語または略号,条件2・6,同じ関数create.rs内で線形サンプラーを作る()と日本語のメソッド名で確保しているのに、受け皿のフィールド名だけ英語,サンプラー,命名_区画097_2026-09-12.md
097,blitz_render,crates/blitz_render/src/vulkan/auto_exposure/bloom/descriptor.rs,28,pool (フィールド、型vk::DescriptorPool),英単語または略号,条件2・6,同じ型の別フィールドはすべて日本語(前処理set除く)。「プール」はユビキタス言語にも登場する確立語,プール,命名_区画097_2026-09-12.md
097,blitz_render,crates/blitz_render/src/vulkan/auto_exposure/bloom/descriptor.rs,29,前処理set (フィールド),英単語または略号,条件2・6,同じメソッド束縛するセットのハンドル()は日本語「セット」を使うのに、フィールド名だけ英語,前処理セット,命名_区画097_2026-09-12.md
097,blitz_render,crates/blitz_render/src/vulkan/auto_exposure/bloom/descriptor.rs,30,縮小set一覧,英単語または略号,条件2・6,同上,縮小セット一覧,命名_区画097_2026-09-12.md
097,blitz_render,crates/blitz_render/src/vulkan/auto_exposure/bloom/descriptor.rs,31,拡大set一覧,英単語または略号,条件2・6,同上,拡大セット一覧,命名_区画097_2026-09-12.md
097,blitz_render,crates/blitz_render/src/vulkan/auto_exposure/bloom/descriptor/allocate.rs,14-15,引数単一読みlayout・二読みlayout,英単語または略号,条件2・6,mod.rs由来のフィールド名をそのまま引数名へ持ち込み、同じ食い違いを広げている,単一読みレイアウト・二読みレイアウト,命名_区画097_2026-09-12.md
097,blitz_render,crates/blitz_render/src/vulkan/auto_exposure/cloth/descriptor.rs,52,layout (フィールド、型宣言から作ったセットレイアウト<..>),英単語または略号,条件2・6,同じ構造体のメソッドレイアウトのハンドル()は日本語なのに保持フィールドは英語のまま,レイアウト,命名_区画097_2026-09-12.md
097,blitz_render,crates/blitz_render/src/vulkan/auto_exposure/cloth/descriptor.rs,53,pool (フィールド),英単語または略号,条件2・6,同上,プール,命名_区画097_2026-09-12.md
097,blitz_render,crates/blitz_render/src/vulkan/auto_exposure/cloth/descriptor.rs,54,set一覧 (フィールド),英単語または略号,条件2・6,同上,セット一覧,命名_区画097_2026-09-12.md
097,blitz_render,crates/blitz_render/src/vulkan/auto_exposure/cloth/pipelines.rs,17,layout (フィールド、布パイプライン群),英単語または略号,条件2・6,他の13フィールドはすべて日本語(介入・積分・拘束等)で、レイアウトだけ英語のまま孤立している,レイアウト,命名_区画097_2026-09-12.md
097,blitz_render,crates/blitz_render/src/vulkan/auto_exposure/cloth/pipelines.rs,35,引数ディスクリプタlayout,英単語または略号,条件2・6,「ディスクリプタ」はカタカナへ訳しているのに「layout」だけ訳し忘れており、1つの識別子の中で翻訳方針が割れている,ディスクリプタレイアウト,命名_区画097_2026-09-12.md
097,blitz_render,crates/blitz_render/src/vulkan/auto_exposure/cloth/pipelines.rs,44,layout_info (ローカル変数),英単語または略号,条件2,英語のみの命名。日本語命名を積極使用する規約に反する,レイアウト情報,命名_区画097_2026-09-12.md
097,blitz_render,crates/blitz_render/src/vulkan/auto_exposure/cloth/inputs.rs,19-32,layout・介入pipeline・積分pipeline・目標の確定pipeline・乗数零化pipeline・拘束pipeline・曲げ拘束pipeline・目標拘束pipeline・ハッシュ消去pipeline・ハッシュ格納pipeline・分離pipeline・床とカプセルの押し出しpipeline・仕上げpipeline・頂点生成pipeline・描画pipeline・描画layout (合計16個、布描画入力構造体リテラルのキー),英単語または略号・数字,条件2・6,この関数の中だけで16回、同じ「パイプライン」「レイアウト」という語が英語のまま繰り返される。読み手は12本のvk::Pipelineフィールドの意味を1つずつ拾うのに、番号を英語で拾い直すことになる,各xxxpipeline→xxxパイプライン、layout→レイアウト、描画layout→描画レイアウト,命名_区画097_2026-09-12.md
097,blitz_render,crates/blitz_render/src/vulkan/auto_exposure/cluster_light_assignment/input.rs,26,pipeline (フィールド、クラスタ選別の描画入力),英単語または略号,条件2・6,同じ構造体の他フィールド(格子・光添字列・セット・即時定数・班数)はすべて日本語で、ここだけ英語が孤立している,パイプライン,命名_区画097_2026-09-12.md
097,blitz_render,crates/blitz_render/src/vulkan/auto_exposure/cluster_light_assignment/input.rs,27,layout (フィールド),英単語または略号,条件2・6,同上,レイアウト,命名_区画097_2026-09-12.md
097,blitz_render,crates/blitz_render/src/vulkan/auto_exposure/cloth_shadow/mod.rs,28,引数ビューとパスlayout,英単語または略号,条件2・6,「ビューとパス」は日本語で正しく訳しているのに「layout」だけ訳し忘れている,ビューとパスのレイアウト,命名_区画097_2026-09-12.md
097,blitz_render,crates/blitz_render/src/vulkan/auto_exposure/cloth_shadow/mod.rs,37-38,pipeline・layout (構造体リテラルのキー、布シャドウ描画入力),英単語または略号,条件2・6,同上の一般形,パイプライン・レイアウト,命名_区画097_2026-09-12.md
097,blitz_render,crates/blitz_render/src/vulkan/auto_exposure/bloom/descriptor/allocate.rs,58,fn usizeをu32へ(値: usize) -> u32,英字1文字・英単語または略号・数字,条件1・4,名前が助詞「へ」で終わり動詞が無い。「〜する処理です」に当てはめられない。同じファイル・同じ役割の他の変換関数(cloth/readback_receptacle.rsの件数をusizeへ変換する・バイト数をu64へ変換する)はすべて「変換する」を持つのに、この関数だけ動詞を欠く,usizeをu32へ変換する,命名_区画097_2026-09-12.md
098,blitz_render,crates/blitz_render/src/vulkan/derived_environment/probe/plan.rs,16,材料の材料<'a>(構造体名),英字1文字,条件1(受理テスト),「材料の材料」は同じ語を二重に重ねただけで、単独で読んでも実体(遠方環境画像・派生表現一式・書き込み元バッファ・受け皿を束ねて積む材料を組み立てるための元手)を指せない。日本語として意味を成さない同語反復であり、材料や積む材料と紛れる,材料を組む元手 または 積む材料の元手,命名_区画098_2026-09-12.md
098,blitz_render,crates/blitz_render/src/vulkan/derived_environment/probe/environment_bytes.rs,27,狭める(関数名),なし,条件3・条件5,何を狭めるのか(倍精度→単精度への型の縮小であること)が名前に無い。同じファイル内の単精度を半精度へという完全な「何から何へ」の型に対し、この関数だけ着点と材料の両方が欠けている,倍精度を単精度へ狭める,命名_区画098_2026-09-12.md
098,blitz_render,crates/blitz_render/src/vulkan/derived_environment/probe/readback_set.rs,32,作った(変数名),なし,条件4(品詞の規律),値(3本ぶんの読み戻しバッファを集めるVec)を動詞の過去形のまま名指ししており、名詞句になっていない。読み手は「作った」だけでは何を作った一覧なのか分からず、直後のベイク済み画像の読み戻しバッファ::生成するまで読んで初めて分かる,作った読み戻しバッファ一覧,命名_区画098_2026-09-12.md
098,blitz_render,crates/blitz_render/src/vulkan/derived_environment/descriptor/binding.rs,34,"書き込む(関数、pub(super) fn 書き込む(device, セット, 遠方環境の配列ビュー, 書き込み先))",英単語または略号,条件2・条件5,"ASCIIモジュールbinding直下の自由関数であり、呼び出し元はbinding::書き込む(device, set, ...)とモジュール名越しに読む。何を書き込むのか(束縛の現物)が名前に無く、create::生成する型の裸の動詞に当たる",束縛を書き込む または セットへ束縛を結ぶ,命名_区画098_2026-09-12.md
098,blitz_render,crates/blitz_render/src/vulkan/derived_environment/table_descriptor.rs,75,"書き込む(関数、fn 書き込む(device, セット, 書き込み先))",英単語または略号,条件5,"4と同型の裸の動詞。ファイル内呼び出し(書き込む(device, &set, 書き込み先))だけで完結し、対象を示す語が名前に無い",画像を束縛へ書き込む,命名_区画098_2026-09-12.md
098,blitz_render,crates/blitz_render/src/vulkan/derived_environment/pass.rs,34,条件7(直訳の検出),数字,実際の型はGPU命令の積み先と宣言済み資源の取り出し口(vulkan/graph/context.rsで定義、日本語として実体を表す良い名前)だが、この区画の全呼び出し箇所は英語contextの直訳である文脈という別名で受けている。受理条件の失敗例に名指しで挙がっている語そのもの。この別名はvulkan/graph配下を含め少なくとも32ファイルに広がる区画外の既存慣習であり、この区画だけの是正では直せない,資源窓口 または 積み先と取り出し口(型名の一部を写す),,命名_区画098_2026-09-12.md
099,blitz_render,crates/blitz_render/src/vulkan/descriptor/descriptor/alloc.rs,8,割り当てる(関数),なし,条件2・3・5,ASCIIモジュールalloc直下の自由関数で、何を割り当てるかが名前に無い。create::生成すると同型の裸動詞,ディスクリプタセットを割り当てる,命名_区画099_2026-09-12.md
099,blitz_render,crates/blitz_render/src/vulkan/descriptor/descriptor/object_sets.rs,60,位置を求める(関数),なし,条件2・3,ASCIIモジュールobject_sets直下の自由関数。「位置」が何の位置か(セット配列内の添字)が名前に無く、引数名でしか復元できない,セット一覧内の位置を求める,命名_区画099_2026-09-12.md
099,blitz_render,crates/blitz_render/src/vulkan/descriptor/descriptor/scene_set_layouts.rs,30,空(フィールド),なし,条件6,同じdescriptorの木の中で空は既に「空(sky)」を指す語として確立している(view_pass_set.rs:16の空パスの定数の束縛番号、ユビキタス言語の「空パス」「空パス定数」「空背景」)。ここでの空は「未使用のレイアウト」の意味であり、読み手は空パス(sky)の何かと誤読する,空きレイアウトまたは未使用レイアウト,命名_区画099_2026-09-12.md
099,blitz_render,crates/blitz_render/src/vulkan/descriptor/descriptor/scene_set_layouts/create.rs,18,生成する(モジュール直下の自由関数),なし,条件5,ASCIIモジュールcreate直下の裸の生成する。受理条件が明示する不合格例create::生成するとまったく同じ形,シーンセットレイアウト一式を組み立てる,命名_区画099_2026-09-12.md
099,blitz_render,crates/blitz_render/src/vulkan/descriptor/descriptor/shared_sets/create.rs,13,生成する(モジュール直下の自由関数),なし,条件5,上と同型。ASCIIモジュールcreate直下の裸の生成するで、何を生成するかが名前に無い,共有ディスクリプタセットを生成する,命名_区画099_2026-09-12.md
099,blitz_render,crates/blitz_render/src/vulkan/descriptor/descriptor/object_sets/create.rs,50,割り当てて書き込む(関数),なし,条件3・5,ASCIIモジュールobject_sets::create直下の自由関数。何を割り当てて書き込むか(ジオメトリのセット)が名前に無い,ジオメトリのセットを割り当てて書き込む,命名_区画099_2026-09-12.md
099,blitz_render,crates/blitz_render/src/vulkan/descriptor/descriptor/lighting_set/pool.rs,84,件数(関数),なし,条件1・4,戻り値はvk::DescriptorPoolSize(種別+件数の組)であり、名前の「件数」は値の半分しか表さない。同じファイル内の型セット1つの件数と紛れる,種別ごとのプールサイズ,命名_区画099_2026-09-12.md
099,blitz_render,crates/blitz_render/src/vulkan/descriptor/descriptor/geometry_set.rs,54,頂点段のストレージバッファバインド(関数),なし,条件6,バインドはユビキタス言語で既に「スキンのバインド時姿勢」(_doc/計画/ユビキタス言語.md:486-488)を指す確立語であり、ここでのVulkanディスクリプタ束縛とは別概念。同じファイル内で個体レコードの束縛番号など正本語束縛も使っており、1つのファイル内で語が割れている,頂点段のストレージバッファ束縛,命名_区画099_2026-09-12.md
099,blitz_render,crates/blitz_render/src/vulkan/descriptor/descriptor/lighting_set.rs,41,バインド一覧,なし,条件6,同上。束縛が正本語であり、バインドは別概念(スキンのバインド時姿勢)と衝突する,束縛一覧,命名_区画099_2026-09-12.md
099,blitz_render,crates/blitz_render/src/vulkan/descriptor/descriptor/lighting_set.rs,58,画素段のバインド(関数),なし,条件6,同上,画素段の束縛,命名_区画099_2026-09-12.md
099,blitz_render,crates/blitz_render/src/vulkan/descriptor/descriptor/material_set.rs,36,バインド一覧,なし,条件6,同上,束縛一覧,命名_区画099_2026-09-12.md
099,blitz_render,crates/blitz_render/src/vulkan/descriptor/descriptor/material_set.rs,54,バインドフラグ一覧,なし,条件6,同上。vk::DescriptorBindingFlagsの意味でも「束縛のフラグ」でありバインドではない,束縛フラグ一覧,命名_区画099_2026-09-12.md
099,blitz_render,crates/blitz_render/src/vulkan/descriptor/descriptor/view_pass_set.rs,42,バインド一覧,なし,条件6,同上,束縛一覧,命名_区画099_2026-09-12.md
099,blitz_render,crates/blitz_render/src/vulkan/descriptor/descriptor/view_pass_set.rs,53,定数バインド(関数),なし,条件6,同上,定数の束縛,命名_区画099_2026-09-12.md
099,blitz_render,crates/blitz_render/src/vulkan/descriptor/descriptor/lighting_set/cluster_grid.rs,20,バインド一覧(関数),なし,条件2・6,ASCIIモジュールcluster_grid直下の自由関数でもあり、名前が何の一覧かを名乗れていない上にバインドが語として衝突する,クラスタ格子の束縛一覧,命名_区画099_2026-09-12.md
099,blitz_render,crates/blitz_render/src/vulkan/descriptor/descriptor/lighting_set/cluster_grid.rs,35,画素段の記憶バインド(関数),なし,条件6,同上,画素段のストレージ束縛,命名_区画099_2026-09-12.md
099,blitz_render,crates/blitz_render/src/vulkan/descriptor/descriptor/lighting_set/distant_environment.rs,55,バインド一覧(関数),なし,条件2・6,上と同型,遠方環境の束縛一覧,命名_区画099_2026-09-12.md
099,blitz_render,crates/blitz_render/src/vulkan/descriptor/descriptor/lighting_set/distant_environment.rs,63,画素段の画像バインド(関数),なし,条件6,同上,画素段の画像束縛,命名_区画099_2026-09-12.md
099,blitz_render,crates/blitz_render/src/vulkan/descriptor/descriptor/lighting_set/local_visibility.rs,37,バインド(関数),なし,条件1・2・6,ASCIIモジュール直下で単語1つの裸名。何の束縛かも名乗れず、語も衝突する,局所可視度の束縛,命名_区画099_2026-09-12.md
099,blitz_render,crates/blitz_render/src/vulkan/descriptor/descriptor/lighting_set/point_light_shadow_map.rs,36,バインド(関数),なし,条件1・2・6,同上,点光源の影の束縛,命名_区画099_2026-09-12.md
099,blitz_render,crates/blitz_render/src/vulkan/descriptor/descriptor/lighting_set/pool/count_tests.rs,24,定数近似の枝の件数はレイアウトの8つのバインディングと一致する(テスト関数),数字,条件6,テスト名の文中で束縛でなくバインディングを使い、正本語と食い違う,定数近似の枝の件数はレイアウトの8つの束縛と一致する,命名_区画099_2026-09-12.md
099,blitz_render,crates/blitz_render/src/vulkan/descriptor/descriptor/lighting_set/pool/count_tests.rs,30,遠方環境の枝の件数はレイアウトの11のバインディングと一致する(テスト関数),数字,条件6,同上,遠方環境の枝の件数はレイアウトの11の束縛と一致する,命名_区画099_2026-09-12.md
101,blitz_render,crates/blitz_render/src/vulkan/frame/record/tonemap_pass.rs,"17, 25",光のにじみa(引数名),英字1文字,受理条件1(受理テスト)、識別子への英字混入の禁止,末尾のaが日本語のどの格にも対応しない裸のASCII添字である。かつて2枚(a/b)を区別していた名残と見られるが、現在の呼び出し元(post_passes.rs)は光のにじみ最終ハンドル()が返す1本しか渡しておらず、実体(唯一の最終結果)と名前(a/bの一方を示す添字)が一致していない。読み手は「aとは何の一方か」を復元できない,光のにじみ最終 または 光のにじみ結果(呼び出し元の光のにじみ最終ハンドル()と語を揃える),命名_区画101_2026-09-12.md
102,blitz_render,crates/blitz_render/src/vulkan/frame/record/graph_build/stages/cluster_light_assignment_stage.rs,32,登録する(private fn),英単語または略号,条件2・3,"ASCIIモジュール直下の自由関数であり名前単独で答える必要があるが、「登録する」だけでは何を登録するのか(バッファ)が無い。呼び出しは登録する(グラフ, 入力.格子)という裸呼び出しで、レシーバによる目的語補完も働かない",バッファを前フレーム状態で登録する,命名_区画102_2026-09-12.md
102,blitz_render,crates/blitz_render/src/vulkan/frame/record/graph_build/stages/local_visibility_stage.rs,38,登録する(private fn),英単語または略号,条件2・3,同上。画像とビューを登録する処理だが名前に対象が無い,画像とビューを登録する,命名_区画102_2026-09-12.md
102,blitz_render,crates/blitz_render/src/vulkan/frame/record/graph_build/stages/atmosphere_lut_stage/register.rs,49,登録する(private fn),英単語または略号,条件2・3,"同ファイル内の焼く画像を登録する・参照する画像を登録するから呼ばれる共通処理だが、それ自体は裸呼び出し(登録する(グラフ, 画像, 初期状態))であり、名前単独では初期状態を外から与えて画像を登録する処理だとは分からない",画像を初期状態付きで登録する,命名_区画102_2026-09-12.md
102,blitz_render,crates/blitz_render/src/vulkan/frame/record/graph_build/stages/indirect_lighting_stage/graph_images.rs,65,登録する(private fn),英単語または略号,条件2・3,同上のパターン。消費する画像を登録する・焼く中間画像を登録するから裸呼び出しされる共通処理で、名前に対象と条件(焼き直すか)が無い,画像を焼き直すか指定して登録する,命名_区画102_2026-09-12.md
102,blitz_render,crates/blitz_render/src/vulkan/geometry/mod.rs,18,フィールド索引(型ジオメトリバッファ),なし,条件6・7の疑い(1語1義の逆: 同一概念に2語),同じ型の中で、メソッド名はインデックスバッファ()・冒頭コメントは「インデックスの総数」、bytes.rs側の関数名もインデックスをバイト列にすると、この概念を一貫して「インデックス」(ユビキタス言語の「投入インデックス数」と同語)と呼んでいるのに、フィールドだけ漢字の「索引」を使っている。読み手は同じ型の中で語が割れているように読める,フィールド名をインデックスへ統一する,命名_区画102_2026-09-12.md
103,blitz_render,crates/blitz_render/src/vulkan/graph/barrier_derivation.rs,18-22,前 / 今,なし,条3（5W1Hの必要格の欠落）,フィールドの型は画像状態だが、名前は時間的前後関係だけを表す語で「状態」という対象語が落ちている。呼び出し側ではバリア.前.stageのように読み手変数バリアを介して補完するしかなく、「前のバリア」「前の何か」とも読める。同じファイルの内部ロジックはローカル変数を前状態/今状態（対象語つき）と命名しており、フィールド名だけが対象語を落としている ― 実装自身が「本来は状態という語が要る」ことを示している,前状態 / 今状態,命名_区画103_2026-09-12.md
103,blitz_render,crates/blitz_render/src/vulkan/graph/buffer_barrier_derivation.rs,19-23,前 / 今,なし,条3,上と同型。バッファ版でも差分を計算する内のローカル変数は前状態/今状態であり、フィールドだけが圧縮されている,前状態 / 今状態 initial_state.rs:63（crates/blitz_render/src/vulkan/graph/initial_state.rs。ディレクトリinitial_state/の親モジュールファイル） 前フレームhdr読み直後状態 条2（ASCII識別子は補完力ゼロ）＋日本語命名の質「頭字語を日本語へ混ぜない」 小文字ASCIIのhdrが日本語の複合語の中に無区切りで埋め込まれており、視覚的に単語境界が壊れている。同じ関数群の兄弟（前フレーム深度書き込み直後状態等）はすべて漢字のみで統一されているのに、この1件だけ英字が混入している 前フレームHDR中間画像読み直後状態（同ファイル内のHDR用語表記に合わせるなら大文字化。より踏み込むなら「HDR中間画像」を用語集に登録した上で使う）,命名_区画103_2026-09-12.md
103,blitz_render,crates/blitz_render/src/vulkan/graph/hdr_target/create.rs,"35, 12",hdr中間画像を作る,英単語または略号,条2＋日本語命名の質「頭字語混入」,同ファイル内で型名HDRターゲット・定数HDR形式は大文字で書かれているのに、この自由関数だけ小文字hdrを使っており、大文字/小文字の使い分けに一貫性が無い。ASCIIモジュール直下(create.rs)の自由関数は名前単独で読ませる規律のところへ、英字混入で単語境界も崩れている,HDR中間画像を作る,命名_区画103_2026-09-12.md
103,blitz_render,crates/blitz_render/src/vulkan/graph/pass.rs,"34, 46, 58",gpu命令をコマンドバッファへ積む,英単語または略号,条2＋日本語命名の質「頭字語混入」,小文字gpuが複合語の先頭に無区切りで混入している。同じ概念を指す型名はGPU命令の積み先（大文字）であり、フィールド名だけ表記が割れている,GPU命令をコマンドバッファへ積む,命名_区画103_2026-09-12.md
103,blitz_render,crates/blitz_render/src/vulkan/graph/rendering_setup.rs,"29, 46",カラーload_op / 深度load_op,英単語または略号,条2＋日本語命名の質「頭字語・膠着圧縮」,日本語のカタカナ・漢字表記とASCIIのスネークケースload_opが無区切りで接続されており、単語境界が視覚的に崩れている。同じ値を渡す先のパラメータ名はロード操作（日本語）であり、渡す側と受ける側で表記方式が食い違う,カラーのロード操作 / 深度のロード操作,命名_区画103_2026-09-12.md
103,blitz_render,crates/blitz_render/src/vulkan/graph/rendering_setup.rs,68,ロードオペレーションとカラークリア値,なし,条4（品詞の規律）＋条6（1語1義）＋呼称と語の選択「カタカナ語は小学生が分かるものだけ」,(a) この関数はクリア指定から値を導出する処理だが、名前が動詞を持たない名詞句のみで「〜する」処理として読めない。(b) 同じ概念（VulkanのAttachmentLoadOp）をcolor_attachments.rs側はロード操作と呼んでいるのに、この関数だけロードオペレーションという別のカタカナ語を使っており、1つの語に2つの表記が生まれている。(c)「ロードオペレーション」は専門知識が無いと理解できないカタカナ語で、「小学生が分かるか」の基準を満たさない,クリア指定からロード操作とクリア値を導出する（表記をロード操作へ統一し、動詞句にする）,命名_区画103_2026-09-12.md
103,blitz_render,crates/blitz_render/src/vulkan/graph/initial_state/temporal_reconstruction.rs,31,前フレーム今のフレームの色読み直後状態,なし,条3（紛れの発生）,「前フレーム」（過去の時点を指す語）と「今のフレーム」（現在の時点を指す語）が隣接しており、単独で読むと「前なのか今なのか」が矛盾して見える。実体は「“今のフレームの色”という名前を持つ画像の、前フレームでの読み直後の状態」であり、内側の対象名（今のフレームの色画像）に既に時制語を含むため外側の時制語と衝突する。兄弟関数（前フレーム動きベクトル書き込み直後状態等）と同じ語順パターンを機械的に当てはめたために起きた事故,今のフレームの色画像の前フレーム読み直後状態（対象名を先に置き、時制語の衝突を切り離す）,命名_区画103_2026-09-12.md
104,blitz_render,crates/blitz_render/src/vulkan/headless/validation.rs,64,層がある(let束縛、bool),英単語または略号,条件4(品詞の規律: 真偽=「〜か」),真偽値を持つ変数なのに断定文の形で終わっており、値であるかのように読める。同じファイル内で真偽値を返す設計をするなら「〜か」で終える書き方が既定であるべきで、実際にheadless/mod.rsの対応かやinputs.rs系の焼くか()群はすべて「〜か」で終わっている。この変数だけが規則から外れている,層があるか,命名_区画104_2026-09-12.md
104,blitz_render,crates/blitz_render/src/vulkan/headless/validation.rs,74,"拡張がある(fn、戻り値Result<bool, レンダラーエラー>)",英単語または略号,条件4(品詞の規律),"真偽値を返す関数名が「〜か」で終わっていない。呼び出し側の!拡張がある(entry, None)?は文だけ見ると「拡張が無いことを確定させる処理」であるかのように読め、実際は「拡張があるかを問う処理」であることが名前から一意に取れない",拡張があるか,命名_区画104_2026-09-12.md
105,blitz_render,crates/blitz_render/src/vulkan/local_visibility/input.rs,"21,35",遮蔽の標本化pipeline(フィールド),英単語または略号,日本語命名の質(英語語彙の未翻訳混入)、受理条件2・7,前半「遮蔽の標本化」はユビキタス言語に登録された正しい訳語(128行・143行)だが、後半に英単語pipelineがそのままアルファベットで接尾している。同じクレート内の対応する型(local_visibility/pipelines.rsの局所可視性のパイプライン一式のフィールド遮蔽の標本化)は接尾辞を持たず、パイプラインレイアウト等ではカタカナに訳されている。この1箇所だけが未翻訳の英語を地続きでくっつけており、英語を知らない読み手はこの識別子の後半が何を意味するか単独で復元できない。同じ概念(遮蔽の標本化というVkPipeline)が「pipeline」ありとカタカナなしの2通りの表記で存在する不統一でもある,遮蔽の標本化パイプライン,命名_区画105_2026-09-12.md
105,blitz_render,crates/blitz_render/src/vulkan/local_visibility/input.rs,"22,36",両側ぼかしpipeline(フィールド),英単語または略号,同上,同上と同型。「両側ぼかし」はユビキタス言語140行に登録された正しい訳語だが、pipelineが未翻訳のまま接尾している,両側ぼかしパイプライン,命名_区画105_2026-09-12.md
108,blitz_render,crates/blitz_render/src/vulkan/pipeline/graphics_pipeline.rs,25,組み立てる(pub(super) fn 組み立てる(...)),英単語または略号,条件5(裸の動詞の禁止),"呼び出し側は graphics_pipeline::組み立てる(device, ...)(crates/blitz_render/src/vulkan/pipeline/create.rs:34)であり、graphics_pipelineはASCIIモジュール名で補完力ゼロ。「何を組み立てるか」が名前に無く、単独で「これは何?」に答えられない",色パスの固定機能を組み立てる,命名_区画108_2026-09-12.md
108,blitz_render,crates/blitz_render/src/vulkan/pipeline/aerial_composite_pipeline/assemble.rs,19,組み立てる,なし,条件5,呼び出し側は assemble::組み立てる(...)(crates/blitz_render/src/vulkan/pipeline/aerial_composite_pipeline/create.rs:29)。assembleはASCIIで補完力ゼロ。対象(空中遠近合成パイプラインの固定機能)が名前に無い,空中遠近合成の固定機能を組み立てる,命名_区画108_2026-09-12.md
108,blitz_render,crates/blitz_render/src/vulkan/pipeline/depth_prepass_pipeline/assemble.rs,18,組み立てる,なし,条件5,呼び出し側は assemble::組み立てる(...)(crates/blitz_render/src/vulkan/pipeline/depth_prepass_pipeline.rs:25)。同上の欠落,深度プリパスの固定機能を組み立てる,命名_区画108_2026-09-12.md
108,blitz_render,crates/blitz_render/src/vulkan/pipeline/point_light_shadow_pipeline/assemble.rs,19,組み立てる,なし,条件5,呼び出し側は assemble::組み立てる(...)(crates/blitz_render/src/vulkan/pipeline/point_light_shadow_pipeline.rs:75)。同上の欠落,点光源の影の固定機能を組み立てる,命名_区画108_2026-09-12.md
108,blitz_render,crates/blitz_render/src/vulkan/pipeline/shadow_pipeline/assemble.rs,18,組み立てる,なし,条件5,呼び出し側は assemble::組み立てる(...)(crates/blitz_render/src/vulkan/pipeline/shadow_pipeline/create.rs:29)。同上の欠落,シャドウの固定機能を組み立てる,命名_区画108_2026-09-12.md
108,blitz_render,crates/blitz_render/src/vulkan/pipeline/sky_pipeline/assemble.rs,18,組み立てる,なし,条件5,呼び出し側は assemble::組み立てる(...)(crates/blitz_render/src/vulkan/pipeline/sky_pipeline/create.rs:30)。同上の欠落,空パイプラインの固定機能を組み立てる,命名_区画108_2026-09-12.md
108,blitz_render,crates/blitz_render/src/vulkan/pipeline/graphics_pipeline/vertex_input.rs,7,記述する(pub(super) fn 記述する() -> (...)),英単語または略号,条件3(5W1Hの必要格),引数を持たない裸の関数で、何を記述するか(頂点入力のバインド記述と属性記述)が名前に無い。呼び出し側 vertex_input::記述する()(同ファイル56行目)のvertex_inputはASCIIで補完力ゼロ,頂点入力を記述する,命名_区画108_2026-09-12.md
108,blitz_render,crates/blitz_render/src/vulkan/pipeline/graphics_pipeline/vertex_input.rs,44,布用記述する(pub(super) fn 布用記述する() -> (...)),英単語または略号,条件3・日本語命名の質(助詞を省いた膠着圧縮の禁止),(a)「布用」と「記述する」の間の助詞(に)が無く、同ファイル pipeline/mod.rs:43 の 布用に生成する と表記が食い違う。(b)何を記述するかの対象語(頂点入力)も無い,布用に頂点入力を記述する,命名_区画108_2026-09-12.md
108,blitz_render,crates/blitz_render/src/vulkan/pipeline/shadow_pipeline/vertex_input.rs,9,記述する(pub(in crate::vulkan::pipeline) fn 記述する() -> (...)),英単語または略号,条件3,上記7と同型。位置(location0)だけの頂点入力記述だが、対象語が名前に無い,位置だけの頂点入力を記述する,命名_区画108_2026-09-12.md
109,blitz_render,crates/blitz_render/src/vulkan/pipeline_ledger/entry_table.rs,52,引く(パイプライン記載表::引く),なし,条7(直訳の検出),_doc/計画/ユビキタス言語.mdには登録が無いが、CLAUDE.mdが明記する「オーナー確定の訳語: lookup/sampleの『引く』→『参照する』」に該当する語そのもの。英語のlookupを知らないと「何を引く道具なのか」が復元できず、辞書や紐を引く意味と誤読しうる。呼び出し側(table_tests/build_tests.rs・table_tests/reload_tests.rsなど)にも同じ名前が伝播している,キーから実体を参照する,命名_区画109_2026-09-12.md
109,blitz_render,crates/blitz_render/src/vulkan/point_light_shadow_map/create.rs,45,続きを生成する,なし,条1(受理テスト)・条3(5W1Hの必要格),「続き」が何の続きかを名前が答えられない。単独で読むと「(何かの)後に続くものを作る処理です」としか言えず、実体(ビュー群とサンプラーを作ってハンドルを集める工程)を復元できない。呼び出し元の生成すると役割が紛らわしい,ビュー群とサンプラーを生成して集める,命名_区画109_2026-09-12.md
109,blitz_render,crates/blitz_render/src/vulkan/pipeline_ledger/device_supplier/family_dispatch.rs,16,生成する(family_dispatch::生成する),英単語または略号,条5(裸の動詞の禁止),family_dispatchはASCIIモジュールであり、この位置の自由関数は名前単独で答える必要があるが、生成するは目的語を持たない。CLAUDE.mdが挙げる不合格の典型例「create::生成する」と同型(モジュール名がASCIIで、関連関数でもなく供給元を第1引数で受け取る自由関数であるため型名による目的語の補完も働かない),族とキーからパイプラインを生成する,命名_区画109_2026-09-12.md
109,blitz_render,crates/blitz_render/src/vulkan/post_process/create.rs,47,束を生成する,なし,条1(受理テスト)・条3(5W1Hの必要格),「束」が何の束か名前だけでは分からない(実体は光のにじみ一式・明るさの圧縮一式・自動露出一式の3つ)。オーナー実例「連立」と同型の、動作対象を省いた名詞1語の圧縮,光のにじみと明るさの圧縮と自動露出の一式を生成する,命名_区画109_2026-09-12.md
109,blitz_render,crates/blitz_render/src/vulkan/post_process/inputs.rs,22-34,前処理pipeline・前処理layout・縮小pipeline・縮小layout・拡大pipeline・拡大layout・前処理set・縮小set一覧・拡大set一覧・pipeline・layout(光のにじみ描画入力・明るさの圧縮描画入力の構造体リテラルのキー),英単語または略号,条2(ASCII識別子は補完力ゼロ・英字混入の禁止),日本語の語幹に生の英単語pipeline・layout・setをそのまま貼り付けている。プロジェクトは同じ概念をパイプライン・レイアウト・セットという訳語で持っており(同ファイルのディスクリプタセット等)、この3語だけ英語のまま残っているのは一貫性を欠く。定義側の構造体はこのブロック外(crate::vulkan::frame)にあるが、この行がその識別子を書き下ろしている,前処理パイプライン・前処理レイアウト・縮小パイプライン・縮小レイアウト・拡大パイプライン・拡大レイアウト・前処理セット・縮小セット一覧・拡大セット一覧・パイプライン・レイアウト,命名_区画109_2026-09-12.md
109,blitz_render,crates/blitz_render/src/vulkan/scene_draw_constants/mod.rs,49,"仮引数layout(プッシュ定数として積む(self, 積み先, layout: vk::PipelineLayout))",英単語または略号,条2(ASCII識別子の禁止),同じファイルのlayouts.rsは同じ概念をレイアウトと書いており、ここだけ生の英単語のままである,レイアウト: vk::PipelineLayout,命名_区画109_2026-09-12.md
109,blitz_render,crates/blitz_render/src/vulkan/present_timing/support.rs,37,"含むか(fn 含むか(一覧: &[...], 名前: &CStr) -> bool)",英単語または略号,条1(受理テスト)・条3(5W1Hの必要格),supportはASCIIモジュールで自由関数は名前単独で答える必要があるが、「含むか」だけでは主語(何が)と目的語(何を)の両方が抜けている。呼び出し元の一覧.iter().all(,"名前 含むか(&一覧, 名前))を読んで初めて意味が確定する 一覧に名前が含まれるか",命名_区画109_2026-09-12.md
109,blitz_render,crates/blitz_render/src/vulkan/present_timing/wait.rs,76,"判定する(fn 判定する(結果: ash::prelude::VkResult<()>) -> Result<待機判定, ...>)",英単語または略号,条5(裸の動詞に準じる。CLAUDE.mdの「生成する・作成する・実行する等」の「等」に該当する汎用動詞の単独使用),wait.rsはASCIIモジュールで自由関数は名前単独で答える必要があるが、「判定する」だけでは何を何に判定するのかが分からない,提示結果を待機判定へ判定する,命名_区画109_2026-09-12.md
109,blitz_render,crates/blitz_render/src/vulkan/readback/read/host_bytes.rs,15,"読む(pub(super) fn 読む(device, バッファ, 寸法, 対象) -> Result<Vec<u8>, ...>)",英字1文字・英単語または略号・数字,条1(受理テスト)・条3(5W1Hの必要格),host_bytesはASCIIモジュールで、呼び出し側もhost_bytes::読む(...)とASCII名前空間越しに呼ぶため補完が働かない。「読む」単独では読む対象(読み戻しバッファから対象ぶんのバイト列)が分からない,対象のバイト列を読み取る,命名_区画109_2026-09-12.md
110,blitz_render,crates/blitz_render/src/vulkan/shadow_map/create.rs,16,"生成する(モジュールcreate直下の自由関数。呼び出し側はcreate::生成する(確保係, 一辺))",英単語または略号,条件5,ASCIIモジュール名createは補完力ゼロであり、生成する単独では「これは何?」に答えられない(何を生成するか名前に無い)。受理条件が挙げる不合格実例create::生成すると同型,シャドウマップの一式を確保する,命名_区画110_2026-09-12.md
110,blitz_render,crates/blitz_render/src/vulkan/sky_stage/create.rs,12,"生成する(モジュールcreate直下の自由関数。呼び出し側はcreate::生成する(確保係, 要求))",英単語または略号,条件5,同上。ASCIIモジュール直下の裸の生成する,空段階資源を確保する,命名_区画110_2026-09-12.md
110,blitz_render,crates/blitz_render/src/vulkan/swapchain/create.rs,10,生成する(モジュールcreate直下の自由関数。呼び出し側はcreate::生成する(...)),英単語または略号,条件5,同上,スワップチェーンを確保する,命名_区画110_2026-09-12.md
110,blitz_render,crates/blitz_render/src/vulkan/temporal_reconstruction/images/create.rs,11,"生成する(モジュールcreate直下の自由関数。呼び出し側はcreate::生成する(確保係, 形式, 寸法))",英単語または略号,条件5,同上,時間再構成の画像を確保する,命名_区画110_2026-09-12.md
110,blitz_render,crates/blitz_render/src/vulkan/skinning/descriptor.rs,52,"生成する(モジュールdescriptor直下の自由関数。呼び出し側はdescriptor::生成する(device, &バッファ))",英単語または略号,条件5,ASCIIモジュール直下の裸の生成する。何のディスクリプタを作るのか名前に無い,スキニングディスクリプタを確保する,命名_区画110_2026-09-12.md
110,blitz_render,crates/blitz_render/src/vulkan/skinning/buffers.rs,22,レスト頂点buffer / 属性buffer / 行列buffer,英単語または略号,日本語命名の質(助詞を省いた膠着圧縮の禁止、英語直訳調の混在),日本語の名詞へ英単語bufferを助詞無しで直接連結しており、「単語らしく見せるための膠着圧縮」に当たる。レスト頂点のバッファのように自然な句にすべき箇所を英語のまま貼り付けている,レスト頂点のバッファ・属性のバッファ・行列のバッファ,命名_区画110_2026-09-12.md
110,blitz_render,crates/blitz_render/src/vulkan/skinning/pipeline.rs,20-21,ディスクリプタlayout(引数名)・コンピュートspirv(引数名)・ディスクリプタlayout一覧(ローカル変数),英単語または略号,日本語命名の質(助詞を省いた膠着圧縮の禁止),日本語の名詞にASCII単語layout・spirvを助詞無しで直接連結しており、1つの識別子の中で言語が跳躍する。読み手は「ディスクリプタの何か」としか読めず、layoutだと英語を知らないと分からない,ディスクリプタのレイアウト・コンピュートのSPIR-Vコード・ディスクリプタのレイアウト一覧,命名_区画110_2026-09-12.md
110,blitz_render,crates/blitz_render/src/vulkan/sky_stage/aerial_composite.rs,27,ビューとパスlayout(引数名・フィールド参照)・layout一覧(ローカル変数),英単語または略号,日本語命名の質(助詞を省いた膠着圧縮の禁止),「ビューとパスのセット」というユビキタス言語の登録語(84行目付近で言及されるset 0の通称)から「のセット」を落とし、末尾へ英単語layoutを助詞無しで貼っている。layout一覧も同様に英語→日本語の接続に助詞が無い,ビューとパスのセットのレイアウト・レイアウトの一覧,命名_区画110_2026-09-12.md
111,blitz_render,crates/blitz_render/src/vulkan/ui/mod.rs,65,setを取得する,英単語または略号,日本語命名の質(英語の直訳調・単語混入禁止)、受理条件7(直訳の検出質問),「set」が未翻訳の英単語のまま名前に入っており、英語を知らない読み手が復元できない。しかも同じ概念(ディスクリプタセット)を同モジュール内の他の識別子(セットレイアウト・セットのハンドル・テクスチャのセットを割り当てて書き込む・セットを解放する)はすべてカタカナ「セット」で書いており、この1箇所だけ生の英語に戻っている(1語1義の逸脱でもある),セットを取得する,命名_区画111_2026-09-12.md
111,blitz_render,crates/blitz_render/src/vulkan/ui/registry.rs,69,setを取得する,英単語または略号,同上,同上(定義本体。mod.rsは委譲),セットを取得する,命名_区画111_2026-09-12.md
111,blitz_render,crates/blitz_render/src/vulkan/ui/pipeline/assemble.rs,86,premultiplied_alphaブレンド状態,英単語または略号,日本語命名の質(英語の直訳調・省略語混入禁止)、受理条件7,「premultiplied_alpha」がスネークケースの生の英語のまま名前へ埋め込まれており、専門用語の初出補足も無い。英語を知らない読み手は「事前に何をどう掛けた透明度なのか」を復元できない,事前乗算アルファのブレンド状態,命名_区画111_2026-09-12.md
112,blitz_render,crates/blitz_render/src/vulkan/uniform/create.rs,10,生成する(モジュールcreate直下の自由関数),英単語または略号,条件5(裸の動詞の禁止),createはASCIIモジュール名であり読まれない前提のため、生成する単独では何を生成するかが名前から一意に決まらない。CLAUDE.mdの受理条件が挙げる不合格実例create::生成するとまったく同じ形である,フレームシェーダー定数一式を生成する(型に属する関連関数へ寄せるか、動詞へ目的語を足す),命名_区画112_2026-09-12.md
112,blitz_render,crates/blitz_render/src/vulkan/uniform/mod.rs,49,ビュー定数のbuffer,英単語または略号,条件2・6・7,同じ概念をこのファイルの他所は「バッファ」と日本語(カタカナ)で呼んでいる(定数バッファ一式・フレームスロットのバッファ)のに、ここだけ生の英単語bufferを使い、1つの語に2つの綴りが生まれている。英語を知らない読み手はbufferをそのまま読めない,ビュー定数のバッファ,命名_区画112_2026-09-12.md
112,blitz_render,crates/blitz_render/src/vulkan/uniform/mod.rs,53,多段影のbuffer,英単語または略号,条件2・6・7,同上,多段影のバッファ,命名_区画112_2026-09-12.md
112,blitz_render,crates/blitz_render/src/vulkan/uniform/mod.rs,57,空パスのbuffer,英単語または略号,条件2・6・7,同上,空パスのバッファ,命名_区画112_2026-09-12.md
112,blitz_render,crates/blitz_render/src/vulkan/visible_id/reference.rs,21,buffer(公開メソッド名),英単語または略号,条件2・6・7,同じ型の他フィールドは「スロット別バッファ」と日本語で書かれているのに、公開メソッド名だけが裸の英単語。呼び出し側からは参照.buffer(添字)としか読めず、英語を知らない読み手には何を返すか名前から取れない,バッファ,命名_区画112_2026-09-12.md
112,blitz_render,crates/blitz_render/src/vulkan/xpbd_bench/descriptor.rs,40,layout(構造体フィールド),英単語または略号,条件2・6・7,同じファイル・同じ型が扱う概念をセットレイアウトを確保する・レイアウトのハンドルと日本語(カタカナ)で呼んでいるのに、内部フィールドだけ生の英単語layout。1つの概念に2つの綴りがある,レイアウト,命名_区画112_2026-09-12.md
112,blitz_render,crates/blitz_render/src/vulkan/xpbd_bench/descriptor.rs,41,pool(構造体フィールド),英単語または略号,条件2・6・7,同様に「プール」という日本語(カタカナ)化した語を使わず生の英単語を使っている,プール,命名_区画112_2026-09-12.md
112,blitz_render,crates/blitz_render/src/vulkan/xpbd_bench/descriptor.rs,"47,49-56,82,83",layout/pool/pool_info(局所変数),英単語または略号,条件2・6・7,フィールド名と同じ生英語がそのまま局所変数へも伝播している,レイアウト/プール/プールの生成情報,命名_区画112_2026-09-12.md
112,blitz_render,crates/blitz_render/src/vulkan/xpbd_bench/pipelines.rs,22,"layout(構造体フィールド, XPBD計測パイプライン群)",英単語または略号,条件2・6・7,同じ型が持つ他フィールド(積分・乗数零化・工程)は日本語なのに、パイプラインレイアウトだけ生英語。型名自体は「パイプライン群」と日本語なのに中のレイアウトだけ英語で1語1義が破れる,レイアウト,命名_区画112_2026-09-12.md
112,blitz_render,crates/blitz_render/src/vulkan/xpbd_bench/pipelines.rs,31,ディスクリプタlayout(仮引数),英単語または略号,条件2・6・7,「ディスクリプタ」は日本語(カタカナ)化しているのに直後のlayoutだけ英語のままで、1つの識別子の中で表記が割れている(膠着圧縮に近い症状),ディスクリプタレイアウト,命名_区画112_2026-09-12.md
112,blitz_render,crates/blitz_render/src/vulkan/xpbd_bench/pipelines.rs,"36,41,45,69,82",layout_info/layout(局所変数・戻り値経路),英単語または略号,条件2・6・7,同上の伝播,レイアウトの生成情報/レイアウト,命名_区画112_2026-09-12.md
112,blitz_render,crates/blitz_render/src/vulkan/xpbd_bench/passes.rs,80,layout: self.パイプライン群.layout,英単語または略号,条件2・6・7,発行の束縛型のフィールド名が生英語であり、代入元のパイプライン群.layoutも同じ生英語を運んでいる,レイアウト,命名_区画112_2026-09-12.md
112,blitz_render,crates/blitz_render/src/vulkan/xpbd_bench/passes/dispatch.rs,13,layout(構造体発行の束縛のフィールド),英単語または略号,条件2・6・7,同じ構造体の隣のフィールドセットは日本語なのに、layoutだけ生英語で1つの構造体の中で表記の基準が割れている,レイアウト,命名_区画112_2026-09-12.md
112,blitz_render,crates/blitz_render/src/vulkan/xpbd_bench/passes/dispatch.rs,22,pipeline(構造体発行の指定のフィールド),英単語または略号,条件2・6・7,同じ構造体の他フィールド(名前・読み・書き・スレッド数・色の区間)は日本語なのに、pipelineだけ生英語。このコードベースは他所で「パイプライン」という日本語(カタカナ)語を積極的に使っており(パイプライン群・パイプラインを生成する)、1語1義が破れている,パイプライン,命名_区画112_2026-09-12.md
112,blitz_render,crates/blitz_render/src/vulkan/xpbd_bench/passes/dispatch.rs,"29,46,51",pipeline/束縛.layout(局所変数・参照),英単語または略号,条件2・6・7,フィールド名の生英語がそのまま局所変数・参照経路へ伝播している,パイプライン/束縛.レイアウト,命名_区画112_2026-09-12.md
113,blitz_sim,crates/blitz_sim/src/cloth/spec.rs,90,一辺粒子数u16 (メソッド名),英字1文字・数字,識別子へのASCII混入禁止(オーナー実例段階A2の候補と同型),日本語の識別子「一辺粒子数」に英字+数字「u16」を境界なく直結している。中国語的圧縮ではないが同種の「単語らしく見せるための助詞省略+ASCII混入」であり、日本語の名として読めない,一辺粒子数を十六ビットで得る または 一辺粒子数の十六ビット表現,命名_区画113_2026-09-12.md
113,blitz_sim,crates/blitz_sim/src/cloth/grid_particles.rs,33,一辺粒子数f32 (局所変数),英字1文字・数字,識別子へのASCII混入禁止,「一辺粒子数」に型接尾辞「f32」を直結。局所変数とはいえ受理条件は変数も対象に含む,一辺粒子数の実数 または単に型注釈へ譲り 一辺粒子数の値(後続の掛け算で使うだけなら型接尾辞は不要),命名_区画113_2026-09-12.md
113,blitz_sim,crates/blitz_sim/src/cloth/grid_particles.rs,34,粒子数f32 (局所変数),英字1文字・数字,識別子へのASCII混入禁止,同上。「粒子数」への型接尾辞の直結,粒子数の実数,命名_区画113_2026-09-12.md
113,blitz_sim,crates/blitz_sim/src/cloth/grid_index.rs,3,線形添字 (自由関数名),なし,品詞の規律(条件4)。受理テスト(条件1),"一辺粒子数, 行, 列 から添字を計算する処理(自由関数)なのに、名前が値の名詞のままで動詞句になっていない。ファイル内の他の自由関数(拘束を作る・構造を作る・せん断を作る)は全部「〜を作る」の動詞句であり、この関数だけが名詞1語で処理を偽装している(実例(a)「処理なのに名詞形」と同型)",線形添字を求める,命名_区画113_2026-09-12.md
113,blitz_sim,crates/blitz_sim/src/cloth/reference_test_fixtures.rs,67,下端の行の平均y (関数名),英字1文字,識別子へのASCII混入禁止,「平均」に軸名「y」を直結した合成語。近くのコメント(reference_bending_tests.rs:34)は同じ量を下端の高さという完全な日本語で呼んでおり、この関数だけが軸名をASCIIのまま貼り付けている,下端の行の高さの平均,命名_区画113_2026-09-12.md
113,blitz_sim,crates/blitz_sim/src/cloth/bending_constraint.rs,7-10,辺a添字・辺b添字・翼c添字・翼d添字 (構造体フィールド),英字1文字,識別子へのASCII混入禁止,「辺」「翼」というカタカナでない日本語名詞にアルファベット1文字a/b/c/dを直結している。_doc/計画/ユビキタス言語.mdの「二面角」の定義が「共有する辺(a・b)と翼(c・d)」という同じa/b/c/dの記法を用語として既に登録しているため意味は復元できるが、オーナーの実例節は「識別子にASCIIの英字・ギリシャ文字・数学記号を入れたものはclippyが落ちるより前に不合格」と条件を付けずに明言しており、用語集への登録は識別子内のASCII文字そのものを免除しない,辺の一端添字・辺の他端添字・翼の一端添字・翼の他端添字、または辺始点添字・辺終点添字・翼片側添字・翼反対側添字(4点の役割が対称なため命名は要再設計),命名_区画113_2026-09-12.md
113,blitz_sim,crates/blitz_sim/src/cloth/distance_constraint.rs,14-15,粒子a添字・粒子b添字 (構造体フィールド),英字1文字,識別子へのASCII混入禁止,上と同型。「粒子」にa/bを直結,粒子一端添字・粒子他端添字,命名_区画113_2026-09-12.md
113,blitz_sim,crates/blitz_sim/src/cloth/grid_bending_constraints.rs,"33-36,39-42",行a・列a・行b・列b・行c・列c・行d・列d (関数の引数・局所束縛),英字1文字,識別子へのASCII混入禁止,上記2件のフィールド名をそのまま4点の座標へ伝播させた結果、局所の引数名にもa/b/c/dが直結している。同じ設計変更(4点の役割名の再設計)が波及する範囲であるため1件にまとめて報告する,"フィールド名の改名と同時に(行一端, 列一端)のような対応する名前へ改める",命名_区画113_2026-09-12.md
115,blitz_sim,crates/blitz_sim/src/contact/mixing_rule.rs,47,表面物性を引く,なし,条件7(直訳の検出質問),引く は英語 lookup の直訳調であり、英語を知らない読み手には「取り出す・調べる」のどちらの動作かが名前から復元できない。プロジェクトCLAUDE.mdの「命名」節はこの語について訳語を既に確定しており(「lookup/sampleの『引く』→『参照する』」)、この確定済みの規約に反したまま実装が残っている,表面物性を参照する,命名_区画115_2026-09-12.md
115,blitz_sim,crates/blitz_sim/src/contact/body_body_contact_parameters.rs,18-19,フィールド 剛体a / 剛体b(および同ファイル20-21行目の 局所接触点a / 局所接触点b),英字1文字・数字,識別子へのASCII文字混入の禁止(オーナーが不合格にした実例の「識別子への英字・ギリシャ文字・記号の混入」),日本語の名詞へ英字1文字 a・b を直接連結しており、定義が挙げた禁止例(段階A2の候補・単独のn)と同型の混入である。同じファイル内で「第1の剛体」「第2の剛体」という完全な日本語の言い回しも使われており(エラーenumのフィールド名第1の剛体の識別子等)、英字1文字表記に切り詰める必然性が無い,剛体第一 / 剛体第二、局所接触点第一 / 局所接触点第二(または既存の「第1の」「第2の」という言い回しへ揃える),命名_区画115_2026-09-12.md
115,blitz_sim,crates/blitz_sim/src/contact/batch_builder_push.rs,"31-32,35,37,40,42-43,46,48-49,53-54,58-61",引数名・ローカル変数名 剛体a / 剛体b,英字1文字,識別子へのASCII文字混入の禁止,上記2と同型。この工程全体で剛体を指す一時変数・引数がすべて英字1文字接尾辞で書かれており、同じファイルの中でも 第1の剛体の識別子・第2の剛体の識別子(エラーenumのフィールド名)という完全な日本語表記が並行して使われているため、English字1文字表記へ切り詰める理由が無い,剛体第一 / 剛体第二(呼び出し元 batch_builder_push.rs 内の統一が必要なため、上の2とあわせて1回のリネームで揃えるべき),命名_区画115_2026-09-12.md
116,blitz_sim,crates/blitz_sim/src/contact/body_body_contact/mod.rs,"67,90-91,99-100,108",剛体a / 剛体b(関連関数の引数名),英字1文字,条件2,ラテン文字a/bを日本語名詞へ直結した添字表記であり、同じ区画のcontact_projection_rowが使う第1の参加者/第2の参加者という完全な日本語序数と綴りが割れている。読み手はどちらが正本の書式か判断できない,第1の剛体 / 第2の剛体,命名_区画116_2026-09-12.md
116,blitz_sim,crates/blitz_sim/src/contact/body_body_contact/history_and_friction.rs,"42,62-63,82-83,104,120",予測の前のaの配置 / 予測の前のbの配置 / 剛体a / 剛体b / aの配置 / bの配置,英字1文字,条件2,同上。特に120行目は同じ関数シグネチャの中で第1の剛体の局所接触点(完全な日本語序数)とaの配置・bの配置(ラテン文字)が混在し、命名規則が1つの関数内で割れている,第1の剛体の予測の前の配置 / 第2の剛体の予測の前の配置,命名_区画116_2026-09-12.md
116,blitz_sim,crates/blitz_sim/src/contact/body_body_contact/history_and_friction_tests.rs,"53,75","(剛体a, 剛体b)",英字1文字,条件2,同上,"(第1の剛体, 第2の剛体)",命名_区画116_2026-09-12.md
116,blitz_sim,crates/blitz_sim/src/contact/body_body_contact/velocity_stage.rs,"15,20",剛体a / 剛体b,英字1文字,条件2,同上,第1の剛体 / 第2の剛体,命名_区画116_2026-09-12.md
116,blitz_sim,crates/blitz_sim/src/contact/broad_phase/candidate_filter.rs,42-45,id_a / id_b / 剛体a / 剛体b,英字1文字・英単語または略号,条件2,id_a・id_bは全体がASCII英語(id+ラテン文字)であり、日本語命名を積極使用する規約(CLAUDE.md「命名」)にも反する。読み手は英語識別子から意味を復元できない前提に立つ規約に反し、意味の補完をこの2語だけに頼っている,小さい方の識別子 / 大きい方の識別子,命名_区画116_2026-09-12.md
116,blitz_sim,crates/blitz_sim/src/contact/broad_phase/candidate_filter.rs,"47-48,53-54",aは静的 / bは静的 / aは休止 / bは休止,英字1文字,条件2,ラテン文字a/bと日本語助詞「は」を直結した混成語。「これは何?」への答えが「aという記号が静的かどうかのフラグ」としてしか成立せず、aが何を指すかは前後の文脈(直前の剛体a)への依存でしか読めない,第1の剛体は静的 / 第2の剛体は静的,命名_区画116_2026-09-12.md
116,blitz_sim,crates/blitz_sim/src/contact/broad_phase/broad_phase_tests.rs,"98,102",b0 / b1,英字1文字・数字,条件2,段階A2と同型(日本語の言い換えを持たない剛体を指す変数へ、英字+数字の添字を直結)。動的0・動的1という日本語+数字の変数から書き換えた剛体を保持するための一時変数だが、綴りが完全にASCIIへ変わっている,動的0を書き換えた剛体 / 動的1を書き換えた剛体,命名_区画116_2026-09-12.md
116,blitz_sim,crates/blitz_sim/src/contact/island/island_builder.rs,"28,30","k(クロージャの引数) / a,b(forの束縛変数)",英字1文字・英単語または略号,条件2,単独のラテン文字1文字。「これは何?」に単独で答えられず、kは接触拘束の配列の要素、a/bは剛体の識別子のペアであることを型注釈や周辺行を読まないと分からない,"拘束 / 小さい方の剛体, 大きい方の剛体",命名_区画116_2026-09-12.md
116,blitz_sim,crates/blitz_sim/src/contact/island/island_reorder.rs,96,更新する区間(私有の自由関数、戻り値()),なし,条件4,この関数は値を返さず引数の区間を書き換えるだけの処理(処理=動詞句「〜する」であるべき)だが、名前が「更新する」+「区間」という attributive(連体修飾)の語順になっており、日本語として「区間を更新する処理」ではなく「更新される区間という名詞」に読める。SOV語順(動詞を文末に置く)に反し、同じファイル内の他の関数(剛体どうしの候補対を絞り込む等)とも語順の型が異なる,区間を更新する,命名_区画116_2026-09-12.md
118,blitz_sim,crates/blitz_sim/src/contact/normal_tangential_system/system.rs,31,接触点集合の法線と接線の連立(構造体名。mod.rs:72でpub useされ、active_set.rs・candidate.rs・complementarity.rs・full_scan_reference.rs・participant_correction.rs・reduced_system.rs・reduced_system_residual.rs・reduced_system_tolerance_scale.rs・row_order.rs・single_point_fixture.rs・solve_outcome.rs(間接)・subset_search.rs・system_fixture.rs・tangential_row.rs(間接)・tolerance_application.rs・translation_tests.rsほぼ全ファイルで型として使われる),英単語または略号・数字,条件1・条件3,「連立」という名詞だけでは、法線と接線の行を束ねたものが方程式なのか行列なのか、初見で復元できない。オーナーが2026-09-12に不合格とした実例と一字一句同じ識別子である,接触点集合の法線と接線の連立方程式,命名_区画118_2026-09-12.md
118,blitz_sim,crates/blitz_sim/src/contact/normal_tangential_system/tolerance_application.rs,34,"試験の許容差の当て方(構造体名。フィールドは受理の倍率・行への当て方・届く先・閾値の倍率の4つを束ねる。mod.rs:75でpub(in crate::contact) useされ、system.rs:27,37,50・reduced_system.rs:46・reduced_system_residual.rs:94・reduced_system_tolerance_scale.rs:22,27で使われる)",英単語または略号・数字,条件1・条件3,「当て方」は会話では「どう適用するか」としか読めないが、実体は適用先・受理の倍率・行を積む閾値の倍率という3種の設定を束ねた指定であり、名前だけから内容を復元できない。オーナーが2026-09-12に不合格とした実例と一字一句同じ識別子である,試験の許容差の適用規則,命名_区画118_2026-09-12.md
118,blitz_sim,crates/blitz_sim/src/contact/normal_tangential_system/tolerance_application.rs,29,許容差の内側の点の行を積まず右辺を零にする(enum 接線の行への許容差の当て方 の枝),英単語または略号,条件1・条件3,言葉を詰め込みすぎて意味が壊れている。実体は「接線変位が許容差以下の点の拘束行を追加しない」ことであり、右辺を零にするという扱いは本質でない付随情報である。オーナーが2026-09-12に不合格とした実例と一字一句同じ識別子である,許容差以下の接線変位の拘束行を追加しない,命名_区画118_2026-09-12.md
119,blitz_sim,crates/blitz_sim/src/contact/normal_tangential_system/system/tolerance_scale_entry.rs,"15,21,27,32,33",試験の許容差の当て方(型名・フィールド名・メソッド名・関連関数の引数名として繰り返し使用),なし,受理条件1(受理テスト)・6(1語1義),_doc/計画/ユビキタス言語.mdの該当項目は2026-09-12に「試験の許容差の当て方」から試験の許容差の適用規則へ改称済みである。理由として文書自身が「実体が適用先・倍率・判定条件を束ねた規則であるため」と明記しているが、コード側の型名・フィールド名・メソッド名はいずれも改称前の当て方のままであり、用語定義と実装が指す名前が一致していない。「当て方」は会話では「どう当てるか」としか読めず、実体(受理の倍率・行への当て方・届く先・閾値の倍率の4つを束ねた規則)を予告しない。オーナーが2026-09-12に不合格とした実例そのものである,試験の許容差の適用規則(型名・フィールド名・メソッド名・引数名を用語定義と揃えて改称。宣言そのものは本区画外のnormal_tangential_system/tolerance_application.rsにあり、そちらとセットでのリネームが要る),命名_区画119_2026-09-12.md
119,blitz_sim,crates/blitz_sim/src/contact/normal_tangential_system/tolerance_application/spelling.rs,15,接線の行への許容差の当て方::許容差の内側の点の行を積まず右辺を零にする(列挙の枝。使用箇所),なし,受理条件1(受理テスト)・8(詰め込みすぎではないが実体とのずれ),_doc/計画/ユビキタス言語.md「試験の許容差の適用規則」の項目は、この枝が表す本番の形を「許容差以下の接線変位の拘束行を追加しない」という語で説明しており、この語がグローバルCLAUDE.mdの「オーナーが不合格にした実例」に挙げられた枝名と文字どおり同一である(「言葉を詰め込みすぎて意味が壊れている。実体は『接線変位が許容差以下の点の拘束行を追加しない』であり、右辺の扱いは本質でない」)。「右辺を零にする」は行を積まない結果の言い換えに過ぎず、本質(何を判定して積まないか)を「積まず」の一語に埋没させている,許容差以下の接線変位の拘束行を追加しない(枝の宣言は本区画外のtolerance_application.rs:29にあり、そちらとセットでのリネームが要る),命名_区画119_2026-09-12.md
120,blitz_sim,crates/blitz_sim/src/contact/pipeline 第1区画/solver_gauge.rs,19,試験の許容差の当て方(型のインポート),なし,3・6・7,「当て方」だけでは適用先・倍率・判定条件を束ねた規則という実体を予告しない。定義ファイルは既に「適用規則」へ改称済み,試験の許容差の適用規則,命名_区画120_2026-09-12.md
120,blitz_sim,crates/blitz_sim/src/contact/pipeline 第1区画/solver_gauge.rs,27,"フィールド許容差の当て方: 試験の許容差の当て方,",なし,3・6・7,同上,"許容差の適用規則: 試験の許容差の適用規則,",命名_区画120_2026-09-12.md
120,blitz_sim,crates/blitz_sim/src/contact/pipeline 第1区画/solver_gauge.rs,43,"許容差の当て方: 試験の許容差の当て方::本番と同じ当て方(),",なし,3・6・7,同上。関連関数名本番と同じ当て方()も同じ語を含む,試験の許容差の適用規則::本番と同じ規則(),命名_区画120_2026-09-12.md
120,blitz_sim,crates/blitz_sim/src/contact/pipeline 第1区画/solver_gauge.rs,100-101,メソッド許容差の当て方を差し替える、引数当て方: 試験の許容差の当て方,なし,3・6・7,同上,許容差の適用規則を差し替える(規則: 試験の許容差の適用規則),命名_区画120_2026-09-12.md
120,blitz_sim,crates/blitz_sim/src/contact/pipeline 第1区画/stacked_slope_cone_record.rs,"20,28,33,57-64",型試験の許容差の当て方、関数一つの当て方を綴る、引数当て方、関連関数本番と同じ当て方()・倍率と行への当て方から生成する(...),なし,3・6・7,同上。「一つの当て方を綴る」は「1件の適用規則を綴る」の意だが「当て方」の圧縮のため、規則が何を束ねているか名前から読めない,一つの適用規則を綴る、試験の許容差の適用規則::...,命名_区画120_2026-09-12.md
120,blitz_sim,crates/blitz_sim/src/contact/pipeline 第1区画/stacked_slope_probe.rs,"16,29,34,45",同上のパターン(型・関数名・引数名・関連関数名),なし,3・6・7,同上,同上,命名_区画120_2026-09-12.md
120,blitz_sim,crates/blitz_sim/src/contact/pipeline 第1区画/stacked_slope_record.rs,"13-14,29,34,53,61-62,65-70",同上のパターン,なし,3・6・7,同上,同上,命名_区画120_2026-09-12.md
120,blitz_sim,crates/blitz_sim/src/contact/pipeline 第1区画/stacked_slope_tests.rs,"16,45-46",試験の許容差の当て方、許容差の当て方を差し替える,なし,3・6・7,同上,同上,命名_区画120_2026-09-12.md
121,blitz_sim,crates/blitz_sim/src/contact/pipeline 第2区画/tower_rest_probe.rs,"11,45,100,102-103",試験の許容差の当て方,なし,受理条件1(受理テスト),この型は「受理の許容差に掛ける倍率」と「接線の行への当て先(3枝の列挙)」を束ねた設定である(_doc/計画/ユビキタス言語.md1104行で確認)。「当て方」という名詞だけでは、これが2つの設定を束ねた1つの値であることが復元できず、「どう適用するか」という手順の説明としてしか読めない。グローバルCLAUDE.mdの「オーナーが不合格にした実例」がこの識別子そのものを不合格例として挙げ、改名先まで示している,試験の許容差の適用規則(定義の改名案どおり),命名_区画121_2026-09-12.md
121,blitz_sim,crates/blitz_sim/src/contact/pipeline 第2区画/tower_row_admission_record.rs,26,接線の行への許容差の当て方::許容差の内側の点の行を積まず右辺を零にする,なし,受理条件1・3,枝の実体は「接線変位が許容差以下の点について拘束行を追加しない」という1つの判断である。名前は「行を積まない」ことと「右辺を零にする」ことの2つを並べており、後者は同じ枝の中の本質でない付随条件(右辺の扱いは行を積まないことの結果であって主題ではない)である。グローバルCLAUDE.mdの「オーナーが不合格にした実例」がこの文字列そのものを不合格例として挙げている,許容差以下の接線変位の拘束行を追加しない(定義の改名案どおり),命名_区画121_2026-09-12.md
123,blitz_sim,crates/blitz_sim/src/contact/scene/substep_velocity_stage.rs,42-43,"a, b(let a = 拘束.速度段階の剛体の参加点(...)・let b = 拘束.速度段階の静的世界の参加点())",英字1文字・英単語または略号,条2・条7(識別子への英字の混入。呼称と語の選択の「漢字1文字への圧縮」と同型のASCII単独文字への圧縮),"a・bは初出の剛体の参加点・静的世界の接触相手の意味を一切運ばず、代数の変数名をそのまま流用しており、日本語話者がこの2文字だけを見て「これは何か」に単独で答えられない。直後の速度段階.一点へ適用する(a, b, 条件)まで読んでも、どちらが剛体側でどちらが静的世界側かは呼び出し元の記憶に依存する",剛体の参加点・静的世界の参加点(呼び出し元の拘束.速度段階の剛体の参加点・拘束.速度段階の静的世界の参加点のメソッド名をそのまま変数名に採る),命名_区画123_2026-09-12.md
123,blitz_sim,crates/blitz_sim/src/contact/scene/substep_velocity_stage.rs,51,適用後のaの運動状態(接触の速度段階の結果::衝撃を適用したのフィールドを分解束縛した名前),英字1文字,条2・条7,「aの」という所有格がこのファイル内のどの実体を指すか分からない(このファイルにはaという名の値が存在しない。宣言元はcrates/blitz_sim/src/contact/velocity_stage.rsでこのブロックの40ファイルには含まれないが、この識別子はこのファイルで読み・使われている)。ASCII1文字を格助詞で日本語へ接続する形は「段3」と同型の圧縮であり、対象を名指しできていない,適用後の剛体の運動状態(宣言元ファイルでのリネームが必要。このファイルはその識別子を分解束縛して使っているだけである),命名_区画123_2026-09-12.md
124,blitz_sim,crates/blitz_sim/src/contact/scene/numeric_contract_record/tolerance_dependence/scene_variation.rs,29,段階A1の場面からの一つの変更(enum型名),英字1文字・英単語または略号・数字,呼称と語の選択条1(漢字1文字圧縮と同型のアルファベット+数字による中国語的圧縮の禁止)、日本語命名の受理条件7(直訳・略記の禁止に準ずる符丁化),「A1」はIssue #59の作業上の通し番号(段階Aの1番目)であり、この型を単独で読む人には「段階Aとは何か」「1とは何番目の何を指すか」が復元できない。オーナーが不合格にした実例で名指しされた段階A2の候補_…と同じ「アルファベット+数字」の符丁パターンである。ユビキタス言語.mdには段階A1の場面からの一つの変更としてこの名のまま登録されているが、登録は現状の綴りの記録であって受理条件への適合を保証しない,"許容差依存診断の基準場面からの一つの変更、または第4段階の基準場面からの一つの変更(段階の実体である「Issue #59第4段階(許容差依存の解消)の基準場面」を語で書く) - 同一識別子の同一区画内での再出現(定義以外の参照。改名は上の1箇所を直せばLSPリネームで追従する): case.rs:12,31,46,68、fidelity_tests.rs:9,21、mod.rs:31,45,51",命名_区画124_2026-09-12.md
124,blitz_sim,crates/blitz_sim/src/contact/scene/numeric_contract_record/tolerance_dependence/case.rs,73,接線の行への許容差の当て方::許容差の内側の点の行を積まず右辺を零にする(enum枝),英単語または略号,受理条件3(5W1Hの必要格)・8(長さは結果であって圧縮の言い訳にならない),名前に「右辺を零にする」という実装の帳簿上の扱いまで詰め込んでいるが、この枝の本質は「接線変位が許容差以下の点については拘束行を追加しない」ことであり、右辺の扱いは本質でない付随事項である。CLAUDE.mdの「オーナーが不合格にした実例」に完全一致で挙げられている綴りである。定義側のenum(normal_tangential_systemモジュール)は本区画外だが、本区画内で5箇所以上参照・分岐している,許容差以下の接線変位の拘束行を追加しない(オーナー指定の改名先),命名_区画124_2026-09-12.md
125,blitz_sim,crates/blitz_sim/src/contact/static_friction/manifold_row_build.rs,28-29,"錨a, 錨b(引数名)",英字1文字,落ちた条件: ASCII混入の禁止,"「錨」という日本語名詞にASCIIのa/bを添字として直結しており日本語として読めない。同ファイル内で32,33,38,42行目でも使用。改名の素案: 第一の錨, 第二の錨(または参加者一の錨, 参加者二の錨)",,命名_区画125_2026-09-12.md
125,blitz_sim,crates/blitz_sim/src/contact/static_friction/projection.rs,23-24,"錨a, 錨b(引数名)",英字1文字,落ちた条件: ASCII混入の禁止,"同上。同ファイル内27,28,33,34,37,41,42,45,46行目でも使用。改名の素案: 同上 - crates/blitz_sim/src/contact/static_friction/manifold_cone_tests.rs:17","x軸向きの接線の乗数(関数名) 落ちた条件: ASCII混入の禁止 「x軸」というASCII文字「x」を関数名の内部に直結しており、識別子として日本語で完結していない。同ファイル19,26,59行目でも使用。改名の素案: エックス軸向きの接線の乗数は不可(カタカナでも同じ問題)。方向を名指す既存の型(方向<ワールド>)の生成元を関数名へ書く形で 一軸向きの接線の乗数 へ一般化するか、「エックス軸」という固有の軸の呼称自体をユビキタス言語へ登録してから使う",命名_区画125_2026-09-12.md
125,blitz_sim,crates/blitz_sim/src/contact/static_friction/tangential_multiplier.rs,17-19,"x成分, y成分, z成分(フィールド名)",英字1文字,落ちた条件: ASCII混入の禁止,"ASCIIの軸名x/y/zを「成分」という日本語語幹に直結している。同ファイル26-28(生成関数)・35-37(向きへの増分を足す)・43,49(大きさ・三つの成分)・58-60(Add実装)でも使用。改名の素案: 横成分, 縦成分, 奥成分等ワールド座標系の名を日本語の方位語で表すか、既存のユビキタス言語に軸の日本語呼称があればそれに従う",,命名_区画125_2026-09-12.md
125,blitz_sim,crates/blitz_sim/src/contact/static_friction/result.rs,18-19,"補正a, 補正b(列挙の枝が持つフィールド名)",英字1文字,落ちた条件: ASCII混入の禁止,"「補正」にASCIIのa/bを添字として直結している。crates/blitz_sim/src/contact/static_friction/projection.rs:45-46(構築)、isotropy_tests.rs:34,40(分解・使用)、projection_tests.rs:23,29,30(分解・使用)でも同名が使われている。改名の素案: 第一の参加者の補正, 第二の参加者の補正",,命名_区画125_2026-09-12.md
127,blitz_sim,crates/blitz_sim/src/rigid_body/rigid_body/ledger.rs,63,剛体一覧_mut,英単語または略号,日本語命名の質「英語の頭字語・省略語を日本語の中に混ぜない」,_mutはRustのmutableの省略語であり、Rustのget/get_mut慣習をそのまま持ち込んでいる。日本語しか読めない読み手はこの部分だけ復元できず、隣の剛体一覧()(不変参照を返す)との違いも名前からは分からない,剛体一覧を可変で参照する,命名_区画127_2026-09-12.md
127,blitz_sim,crates/blitz_sim/src/rigid_body/rigid_body/transition_tests.rs,82,剛体_静的,なし,日本語命名の質「単語らしく見せるために助詞を省かない」,アンダースコアで名詞と修飾語を接続し、語順も入れ替えている(自然な日本語は「静的な剛体」)。英語のsnake_case命名習慣を日本語識別子へそのまま持ち込んだ結合であり、自然な句になっていない,静的な剛体,命名_区画127_2026-09-12.md
127,blitz_sim,crates/blitz_sim/src/rigid_body/rigid_body/transition_tests.rs,93,剛体_動的,なし,日本語命名の質「単語らしく見せるために助詞を省かない」,同上(「動的な剛体」の圧縮),動的な剛体,命名_区画127_2026-09-12.md
129,blitz_sim,crates/blitz_sim/src/sph/spec.rs,6,Sph仕様(構造体名),英単語または略号,日本語命名の質・条1(頭字語混入禁止)、受理条件・条2(ASCII識別子は補完力ゼロ),"""Sph""は英語の頭字語(Smoothed Particle Hydrodynamics)がそのままASCIIで日本語の名詞「仕様」へ膠着している。ユビキタス言語.mdは「SPH」を専門用語として定義し初出補足を与えているが、それは文章中の表記であり、識別子へ英字を直接混ぜてよい根拠にはならない。UI・CPU・GPU・API等の「一般に通用している語」の枠には入らない",弱圧縮性流体仕様または粒子法流体仕様(ユビキタス言語.mdへ訳語を登録してから使う),命名_区画129_2026-09-12.md
129,blitz_sim,crates/blitz_sim/src/sph/error.rs,6,Sph仕様エラー(列挙名),英単語または略号,同上,同上(Sph仕様のエラー型でも同じ頭字語混入),粒子法流体仕様エラー,命名_区画129_2026-09-12.md
129,blitz_sim,crates/blitz_sim/src/sph/density.rs,7,sph密度を計算する(自由関数),英単語または略号,日本語命名の質・条1、受理条件・条2,"小文字の""sph""が動詞句の直前に直接連結し、日本語の膠着圧縮になっている。呼び出し側はsuper::density::sph密度を計算するとASCIIモジュール名越しに読むため、条2により英字の意味は補完されない",粒子法流体の密度を計算する,命名_区画129_2026-09-12.md
129,blitz_sim,crates/blitz_sim/src/sph/step.rs,8,sphを一ステップ進める(自由関数),英単語または略号,同上,"同上。""sph""を目的語の格助詞「を」の直前へ裸のASCIIとして置いている",粒子法流体を一ステップ進める,命名_区画129_2026-09-12.md
129,blitz_sim,crates/blitz_sim/src/surface_flow/state.rs,78,usizeへ(自由関数),英単語または略号,受理条件・条2、日本語命名の質・条1に準じる英字混入,"Rustのプリミティブ型名""usize""がそのままASCIIで格助詞「へ」の直前に置かれている。呼び出し側state::usizeへ(値)もASCIIモジュール越しであり、英字部分は補完されない読み手に「何をする関数か」を型名の綴りでしか伝えられない",符号無し32ビット整数を添字型へ変換するまたは添字数へ変換する,命名_区画129_2026-09-12.md
129,blitz_sim,crates/blitz_sim/src/surface_flow/step.rs,12,列数u32・行数u32(局所変数),英字1文字・数字,受理条件・条2に準じる英字混入,"ローカル変数名の末尾に型名""u32""をASCIIのまま連結しており、同じ関数内に型変換前後の値(列数u32と列数)が並ぶため紛れも生む",列数指定値・行数指定値、または変換前後を列数(u32型)のようにコメントで示し変数名自体は列数一本にする,命名_区画129_2026-09-12.md
129,blitz_sim,crates/blitz_sim/src/surface_flow/step.rs,52,流す(自由関数、モジュール私有),なし,受理条件・条3(5W1Hの必要格)、条1(受理テスト),関数は「セルからセルへ量を移す」処理だが、名前の「流す」だけでは何を(量)・どこから どこへ(元セルから先セルへ)が一意に読めない。ASCIIモジュール(step.rs)直下の自由関数であり条2によりモジュール名からの補完も無い。実引数(厚さ配列・元・先・量)を読まないと動作が確定しない点はオーナー不合格実例の「目的語・着点の欠落で一意に読めない」と同型,セル間で液量を移すまたは元セルから先セルへ量を移す,命名_区画129_2026-09-12.md
129,blitz_sim,crates/blitz_sim/src/sph/kernel.rs,5,密度核(自由関数),なし,受理条件・条4(品詞の規律。処理なのに名詞形),"関数は距離と半径から核関数の値を計算する処理(pub(crate) fn)であり、副作用の無い計算だが計算処理である以上「〜する」の動詞句であるべきところ、値のような名詞句になっている。呼び出し元でも密度核(距離二乗, 半径)と読め、「密度核という値を取得する」のか「密度核を計算する処理」なのか型だけでは判別できない",密度核を計算する,命名_区画129_2026-09-12.md
129,blitz_sim,crates/blitz_sim/src/sph/kernel.rs,14,圧力勾配係数(自由関数),なし,同上(条4),同上のパターン。圧力勾配係数を計算する処理が名詞形のまま,圧力勾配係数を計算する,命名_区画129_2026-09-12.md
129,blitz_sim,crates/blitz_sim/src/sph/kernel.rs,21,粘性ラプラシアン(自由関数),なし,同上(条4),同上のパターン,粘性ラプラシアンを計算する,命名_区画129_2026-09-12.md
129,blitz_sim,crates/blitz_sim/src/sph/density.rs,22,距離二乗(自由関数、pub(crate)),英単語または略号,同上(条4),2点間の距離の二乗を計算する処理であり、density.rsとstep.rsから呼ばれる計算処理だが、名前は結果の値と同じ名詞形で処理であることが読み取れない,距離二乗を計算する,命名_区画129_2026-09-12.md
131,editor_server,crates/editor_server/src/bin/bake_one_building.rs,27,"fn 書き出す() -> Result<String, String>",英単語または略号,条件3(5W1Hの必要格)・条件5(裸の動詞の禁止),ASCIIモジュール(bake_one_building.rs)直下の自由関数であり、名前単独で答える必要があるが「書き出す」だけでは何を書き出すのか(建物1棟の検証世界のソース)が無い。呼び出し元main()も同じASCII文脈のため補完できない,一棟検証の世界ソースを書き出す,命名_区画131_2026-09-12.md
131,editor_server,crates/editor_server/src/bin/contract_export.rs,23,"fn 書き出す(出力先: &PathBuf, 本文: String) -> std::io::Result<()>",英単語または略号,条件3・条件5,同上。ASCIIモジュール直下の裸の動詞。引数に「本文」はあるが、関数名自体は目的語を持たない単独の「書き出す」であり、名前だけでは「何を」書き出す処理か答えられない,本文をファイルへ書き出す,命名_区画131_2026-09-12.md
131,editor_server,crates/editor_server/src/export/chunk_directory_text.rs,10,"pub(super) const ファイル名: &str = ""chunk_directory.txt"";",英単語または略号,条件1(受理テスト)・条件3,"「ファイル名」だけでは何のファイル名か単独で答えられない汎用名。現に呼び出し側(export/command.rs:16)がuse ... {ファイル名 as 目録ファイル名, ...}とインポート時に改名しており、名前だけでは意味が伝わらないことを実装自身が示している",目録ファイル名(インポート側が実際に使っている名を正本にする),命名_区画131_2026-09-12.md
131,editor_server,crates/editor_server/src/export/chunk_directory_text.rs,19,両方とも 本文を組み立てる,なし,条件6(1語1義),同じクレート内に「本文を組み立てる」という名の関数が2つ存在し、片方はTypeScript型契約の本文を、もう片方はチャンク目録テキストの本文を組み立てる。全く別の生成物に同じ名前を与えており、grep等で識別子を追う読み手が取り違える。ASCIIモジュール直下の自由関数でもあり単独で意味が取れる必要があるが、「本文」がどの本文か対象語が無い,目録本文を組み立てる(chunk_directory_text.rs側)。contract/mod.rs側は型契約の本文であるため据え置きでもよいが、区別のため型契約の本文を組み立てるも検討可,命名_区画131_2026-09-12.md
131,editor_server,crates/editor_server/src/bake_editor_world.rs,15,エディターの世界をベイクする,なし,条件6(1語1義)・日本語命名の質(直訳調・カタカナ語の基準),同じファイルのコメント(1-7行目)は一貫して「焼く」(エディターの世界を実行時形式へ焼く局面、層割当を焼く、既定の割当を使う…)を使っており、正本の_doc/計画/ユビキタス言語.mdでも動詞形の主流は「焼く」である。公開メソッド名だけが英語からの直訳的カタカナ「ベイクする」になっており、同一ファイル内で同じ動作に2つの語が混在している,エディターの世界を焼く,命名_区画131_2026-09-12.md
131,editor_server,crates/editor_server/src/building_grid_store.rs,94,fn 定義の識別子が空である() -> 建物定義ID,英単語または略号,条件4(品詞の規律),この関数はunwrap_or_elseから呼ばれ、実際には値を返さずpanic!で異常終了する処理(処理=動詞句「~する」であるべき)なのに、名前が状態を述べる叙述文(「~である」)になっている。名前だけでは「これは処理を実行する関数だ」と読み取れず、値を返す通常の関数のように誤読されうる,識別子が空の不変条件違反でパニックする crates/editor_server/src/export/chunk_directory_text.rs:15(構造体目録項目のフィールド)と crates/editor_server/src/export/command/chunk_write.rs:84 アセットid 条件6(1語1義。用語定義ファイルとの照合で確定) 同じクレート内で識別子の型は一貫して大文字のIDを使う(建物定義ID・楽曲ID・パターンID・アセットID(型名))。このフィールドだけ小文字のidを素の英語のまま日本語へ接着しており、同じ「ID」という語が大文字/小文字で綴り分かれ、grepでの一貫追跡ができない アセットID(構造体へ#[allow(non_snake_case)]を付けて他の構造体と同じ様式にする),命名_区画131_2026-09-12.md
131,editor_server,crates/editor_server/src/project_root.rs,66,fn projectフラグの次の引数を使う()(テスト関数名),英単語または略号,日本語命名の質(英語の直訳調・呼称と語の選択のカタカナ語基準),英単語projectを訳さずそのまま日本語の文へ接着している。オーナーが「英語名は読まない」「カタカナ語は小学生が分かるものだけ」と裁定した規律に反し、この関数名だけ素のASCII単語が混入している,プロジェクトフラグの次の引数を使う,命名_区画131_2026-09-12.md
135,editor_server,crates/editor_server/src/routes/routes/chunk_heightmap_get.rs,7,チャンク高さ格子を返す,なし,日本語命名の質(助詞省略の膠着圧縮禁止),同じファイルの14行目で同じ概念を状態.チャンクの高さ格子を読み未保存ならマザーから切り出すと「の」ありで書いている。公開ハンドラ名だけ「チャンク」「高さ」「格子」を助詞なしで詰めており、同一ファイル内で同じ資源に2通りの表記が同居する,チャンクの高さ格子を返す,命名_区画135_2026-09-12.md
135,editor_server,crates/editor_server/src/routes/routes/chunk_heightmap_put.rs,20,チャンク高さ格子を保存する,なし,同上,39行目で呼ぶ保管庫側のメソッドはチャンクの高さ格子を検証して保存する(「の」あり)。ハンドラ名だけ圧縮されている,チャンクの高さ格子を保存する,命名_区画135_2026-09-12.md
135,editor_server,crates/editor_server/src/routes/routes/chunk_splat_weights_get.rs,12,チャンク材質重みを返す,なし,同上(+語の脱落),13行目で呼ぶ状態.保管庫().チャンクの材質重みを読むは「の」ありで書いている。加えて登録語(ユビキタス言語)は「地表材質の重み」であり、ハンドラ名は「地表」も落として「材質重み」まで詰めている,チャンクの地表材質の重みを返す,命名_区画135_2026-09-12.md
135,editor_server,crates/editor_server/src/routes/routes/chunk_splat_weights_put.rs,19,チャンク材質重みを保存する,なし,同上,38行目の呼び出し先チャンクの材質重みを検証して保存すると表記が食い違う,チャンクの地表材質の重みを保存する,命名_区画135_2026-09-12.md
135,editor_server,crates/editor_server/src/routes/routes/world_heightmap_get.rs,12,大域世界高さ格子を返す,なし,同上,13行目で呼ぶ状態.保管庫().大域世界の高さ格子を読むは「の」ありで書いている,大域世界の高さ格子を返す,命名_区画135_2026-09-12.md
135,editor_server,crates/editor_server/src/routes/routes/world_heightmap_put.rs,12,大域世界高さ格子を保存する,なし,同上,29行目の呼び出し先大域世界の高さ格子を検証して保存すると表記が食い違う,大域世界の高さ格子を保存する,命名_区画135_2026-09-12.md
135,editor_server,crates/editor_server/src/routes/routes/source_asset_export_post.rs,77,fn ベイク失敗の応答(誤り: ...) -> Box<Response>,英単語または略号,条件4(品詞の規律),エラー値をBox<Response>へ変換する処理(.map_err(ベイク失敗の応答)で渡す関数)なのに、名前が「ベイク失敗の応答」という値の名詞句になっている。名前だけ見ると応答という値そのものに見え、変換処理であることが読めない,ベイク失敗を応答へ写す,命名_区画135_2026-09-12.md
135,editor_server,crates/editor_server/src/routes/routes/world_layout_lookup.rs,18,fn 区画割り未設定応答() -> Response,英単語または略号,条件4,.ok_or_else(,Box::new(区画割り未設定応答()))で呼ばれる、応答を組み立てる処理なのに名詞句のまま。同じファイルの保存済み区画割りを読むは正しく動詞句である 区画割り未設定の応答を組み立てる,命名_区画135_2026-09-12.md
135,editor_server,crates/editor_server/src/routes/routes/static_serve.rs,19,async fn 未ビルド応答() -> impl IntoResponse,英単語または略号,条件4,axumのfallbackハンドラ(ルーター.fallback(未ビルド応答))であり、他の全ハンドラ(生存確認を返す・楽曲を返す等)が動詞句であるのに、これだけ名詞句で登録されている,未ビルド応答を返す,命名_区画135_2026-09-12.md
136,editor_server,crates/editor_server/tests/integration/contract_freshness.rs,11,生存確認契約tsは組み立てた本文と一致する,英単語または略号,日本語命名の質(助詞省略の膠着圧縮),「契約」と「ts」の間に助詞が無く、「契約ts」が1語のように読めてしまう。TypeScriptファイルであることを示したいなら助詞を挟むか日本語で書く必要がある,生存確認契約のTSファイルは組み立てた本文と一致する,命名_区画136_2026-09-12.md
136,editor_server,crates/editor_server/tests/integration/contract_freshness.rs,16,編集資源契約tsは組み立てた本文と一致する,英単語または略号,日本語命名の質(助詞省略の膠着圧縮),同上,編集資源契約のTSファイルは組み立てた本文と一致する,命名_区画136_2026-09-12.md
136,editor_server,crates/editor_server/tests/integration/legacy_structure_conversion.rs,8,旧版のチャンク構造Json,英単語または略号,日本語命名の質(助詞省略の膠着圧縮),「構造」と「Json」の間に助詞が無い。同ファイル群の他所は格子のjsonのように「の」を挟んでおり、書き方が不統一,旧版のチャンク構造のjson,命名_区画136_2026-09-12.md
136,editor_server,crates/editor_server/tests/integration/legacy_structure_conversion.rs,16,建物種別を持つ旧版のチャンク構造Json,英単語または略号,日本語命名の質(助詞省略の膠着圧縮),同上,建物種別を持つ旧版のチャンク構造のjson,命名_区画136_2026-09-12.md
136,editor_server,crates/editor_server/tests/integration/legacy_structure_conversion.rs,31,旧版の大域世界構造Json,英単語または略号,日本語命名の質(助詞省略の膠着圧縮),同上,旧版の大域世界構造のjson,命名_区画136_2026-09-12.md
136,editor_server,crates/editor_server/tests/integration/legacy_structure_overwrite.rs,12,塔を持つ旧版のチャンク構造Json,英単語または略号,日本語命名の質(助詞省略の膠着圧縮),同上,塔を持つ旧版のチャンク構造のjson,命名_区画136_2026-09-12.md
136,editor_server,crates/editor_server/tests/integration/legacy_structure_overwrite.rs,27,建物を持たない最新のチャンク構造Json,英単語または略号,日本語命名の質(助詞省略の膠着圧縮),同上,建物を持たない最新のチャンク構造のjson,命名_区画136_2026-09-12.md
136,editor_server,crates/editor_server/tests/integration/legacy_structure_without_scatter.rs,8,散布の個体一覧を持たない旧版のチャンク構造Json,英単語または略号,日本語命名の質(助詞省略の膠着圧縮),同上,散布の個体一覧を持たない旧版のチャンク構造のjson,命名_区画136_2026-09-12.md
136,editor_server,crates/editor_server/tests/integration/material_board_routes.rs,11,台帳Json,英単語または略号,日本語命名の質(助詞省略の膠着圧縮),「台帳」と「Json」の間に助詞が無い。同ファイル内の他の識別子(マテリアル台帳)と並べて読むと、これだけ英語がそのまま体言へ接着されて見える,台帳のjson,命名_区画136_2026-09-12.md
136,editor_server,crates/editor_server/tests/integration/chunk_storage_roundtrip.rs,87,頂点数usize,英単語または略号,日本語命名の質(助詞省略の膠着圧縮),「頂点数」と「usize」の間に助詞が無く、Rustの型名がそのまま名詞へ接着されている。「頂点数を表すusizeの値」等、型変換であることを助詞で示す必要がある,頂点数のusize値,命名_区画136_2026-09-12.md
136,editor_server,crates/editor_server/tests/integration/world_heightmap_routes.rs,12,区画割り未保存での高さ格子putは400を返す,英単語または略号・数字,日本語命名の質(助詞省略の膠着圧縮),「高さ格子」と「put」の間に助詞が無く、HTTPメソッド名がそのまま名詞へ接着されている,区画割り未保存での高さ格子のPUT要求は400を返す,命名_区画136_2026-09-12.md
138,editor_server,crates/editor_server/tests/integration/common/music_fixture.rs,13,パターンの名乗り(関数、fn パターンの名乗り(綴り: &str) -> パターンID),英単語または略号,条件4(品詞の規律),上と同じ理由。パターンID::生成する(綴り).unwrap()を呼ぶ処理が名詞句のままで、値なのか処理なのか名前だけでは決まらない,パターンの名乗りを作る,命名_区画138_2026-09-12.md
140,xtask,xtask/src/lod_crack.rs,"29,37-38",総roi画素数(局所変数)・roi画素数(フィールド。定義は同モジュールのimage_checkだがこのファイルで読み書きされる),英単語または略号,日本語命名の質 条1(頭字語・省略語の混入禁止),roi(Region Of Interest)はGPU・CPU・API・UIのような一般に通用する語ではなく、_doc/計画/ユビキタス言語.mdにも登録が無い。カメラ・画像処理を知らない読み手はroiが何の略か復元できない。,改名案: 総着目領域画素数・着目領域画素数,命名_区画140_2026-09-12.md
140,xtask,xtask/src/pixel_region.rs,"10-13,18-19,25,30-31,38",x開始・x終端・y開始・y終端(構造体画面領域のフィールドと同名の局所変数・引数),英字1文字,受理条件の付随規律(ASCII英字1文字を日本語複合語へ直接くっつける圧縮の禁止。オーナー不合格実例「段階A2」と同型),単一のASCII文字x/yを漢字へ直接くっつけた圧縮であり、日本語として読めない。しかも同じファイルが画素の横位置・画素の縦位置という日本語の型をすでに持っており、フィールドだけ英字の軸名へ逃げているため1語1義が崩れている(横位置/縦位置と x/y の2系統の呼び方が同じ概念に併存する)。,改名案: 横開始・横終端・縦開始・縦終端,命名_区画140_2026-09-12.md
140,xtask,xtask/src/plate_region.rs,"52-55,61-63",x開始・x終端・y開始・y終端(局所変数),英字1文字,受理条件の付随規律(同上),同上とまったく同じ形の混入。このファイルも画素の横位置・画素の縦位置という日本語型を関数の引数・戻り値として使っているのに、内部計算だけがx/yへ戻っている。,改名案: 横開始・横終端・縦開始・縦終端,命名_区画140_2026-09-12.md
140,xtask,xtask/src/sky_draw.rs,"47,48,67,68",空パスms(局所変数)・空パスが枠を下回るかの判定名の引数空パスms・呼び出し先gpu_time::空パスの平均msを読む,英単語または略号,日本語命名の質 条1(頭字語・省略語の混入禁止)+条6相当(1語1義),同じファイルの24行目で「空パスの予算ミリ秒」とすでに正しく訳しているのに、実測値のほうだけ未翻訳のmsを使っており、同じ概念(空パスの所要時間)が「ミリ秒」とmsの2通りの綴りで現れる。msはCPU/GPU/APIのような一般に通用する語ではなく、英語の単位記号を知らない読み手には復元できない。,改名案: 空パスミリ秒・空パスの平均ミリ秒を読む,命名_区画140_2026-09-12.md
141,xtask,xtask/src/visual_sample_world.rs,29,"pub fn 用意する() -> Result<(), 検収世界の用意の破れ>",英単語または略号,条件2・条件5,ASCIIモジュールvisual_sample_world直下の自由関数が裸の動詞「用意する」であり、何を用意するか(目視見本世界の実行時形式)が名前に無い。呼び出し側はcrate::visual_sample_world::用意する()としか読めず、モジュール名(ASCII)は補完力ゼロなので「何の用意か」が単独で読み取れない。定義に書かれた不合格実例create::生成すると同型,目視見本世界を用意する,命名_区画141_2026-09-12.md
141,xtask,xtask/src/temporal_reconstruction.rs,40,crate::visual_sample_world::用意する()(呼び出し),英単語または略号,条件2・条件5,上記1の呼び出し箇所。同じ理由で単独で読めない,定義1の改名に追従,命名_区画141_2026-09-12.md
141,xtask,xtask/src/temporal_visual.rs,46,crate::visual_sample_world::用意する()(呼び出し),英単語または略号,条件2・条件5,同上,同上,命名_区画141_2026-09-12.md
141,xtask,xtask/src/terrain_visual.rs,38,crate::visual_sample_world::用意する()(呼び出し),英単語または略号,条件2・条件5,同上,同上,命名_区画141_2026-09-12.md
141,xtask,xtask/src/temporal_reconstruction.rs,45,"judgment::判定する(&一回目, &二回目)",英単語または略号,条件2・条件5,ASCIIモジュールjudgment直下の自由関数が裸の動詞「判定する」。何を判定するか(一回目と二回目の観測が一致すること)が名前から読めず、モジュール名はASCIIで補完しない。同ファイルの直前の行injection::取り出して判定する(...)も目的語が薄いが、こちらは動詞の複合で幾らか救われている一方、判定する単独はさらに弱い,一回目と二回目の観測が一致することを判定する,命名_区画141_2026-09-12.md
141,xtask,xtask/src/vertex_diag.rs,"76,84","pixel_check::数える(&影なしの粗い.画像, &影なしの細かい.画像) / pixel_check::数える(&粗い.画像, &細かい.画像)",英単語または略号,条件2・条件3・条件5,ASCIIモジュールpixel_check直下の自由関数が裸の動詞「数える」。何を数えるか(食い違う画素)が名前に無い。姉妹の処理であるxtask/src/temporal_visual.rs内のpixel_diff::食い違う画素を数えるは同じ種類の処理に目的語付きの名前を与えており、同種処理の呼称が割れている(条件6 1語1義の観点でも紛れる),食い違う画素を数える,命名_区画141_2026-09-12.md
141,xtask,xtask/src/xpbd_solver_bench.rs,"39,42,46,52,54,56,64,73",xpbd並列方式を計測する,英単語または略号,条件2・日本語命名の質(頭字語の直接連結・膠着圧縮の禁止),小文字ASCIIのxpbdが助詞を挟まず日本語へ直接膠着している。同じファイル内で型名はXPBDの並列方式の計測エラーと大文字+「の」で書かれており綴りが割れている。さらに兄弟コマンド(dispatch/measurement.rsが束ねるow4_bench::植生密度別に性能を計測する・shadow_probe::影の律速切り分けを計測する等)はいずれも純粋な日本語の関数名であり、この関数だけがASCII頭字語を生のまま名前へ混ぜている,XPBD並列方式を計測する(最小修正)。将来的には日本語だけの言い回しへの言い換えも検討可,命名_区画141_2026-09-12.md
141,xtask,xtask/src/village_draw.rs,30,pub fn 見本集落の描画を確認する() -> ExitCode,英単語または略号,条件6(1語1義)・日本語命名の質(助詞省略の膠着圧縮の禁止),"同じファイルの24〜27行目で世界の呼び名を""見本の集落""と助詞「の」を入れて定義しているのに、関数名だけ「見本集落」と助詞を落として圧縮しており、同一ファイル内で同じ語が2つの表記を持つ",見本の集落の描画を確認する,命名_区画141_2026-09-12.md
142,xtask,xtask/src/acceptance/exit_report.rs,370,本文(&self) -> &str(戻り値はself.標準出力),英単語または略号,落ちた条件: 1(受理テスト)・3(5W1Hの必要格),なぜ読めないか: 終了時報告型は標準出力と標準エラーの2つの本文を持つ。同じ型に標準エラーの本文(&self)という対になるメソッドが存在するため、無qualifierの本文は「標準出力の」を暗黙の既定として頼っており、この名前だけを見た読み手は「どちらの本文か」を復元できない(コメントを読んで初めて標準出力だと分かる)。5W1Hのうち対象格(何の本文か)が欠落している,標準出力の本文(対になる標準エラーの本文と対称にする),命名_区画142_2026-09-12.md
144,xtask,xtask/src/bake_building/source_export.rs,"10, 12, 21, 25",ビン名(定数)、編集サーバーのビンで書き出す(関数),なし,呼称と語の選択(カタカナ語の基準「小学生が分かるか」)/受理条件1(受理テスト),「ビン」は「バイナリ(実行可能ファイル)」を2モーラへ切り詰めた業界略語であり、単独で読むと同じ発音の「瓶」(容器)と衝突する。関数名・定数名だけを見た読み手は「編集サーバーの瓶で書き出す」「瓶の名前」と誤読しうる。「順4→順4」のような圧縮呼称の禁止と同じ構造(完全な語を切り詰めて別の日常語と衝突する語にした)である,ビン名→実行ファイル名、編集サーバーのビンで書き出す→編集サーバーの実行ファイルで書き出す,命名_区画144_2026-09-12.md
144,xtask,xtask/src/cloth_empty/judgment.rs,21,計数.validation件数,英単語または略号,受理条件6(1語1義)・7(直訳/未訳語の検出),同じcloth_empty/judgment.rsの66〜67行目は同じ対象を検証層の指摘という訳語で呼んでおり、cloth_xpbd_reference/parse.rsの検証件数も同じ対象を訳語で呼んでいる。1箇所だけ英単語validationを訳さず日本語の助数詞件数へ直結しており、英語を知らない読み手には「validation」の意味が復元できず、しかも同じ検収ドメイン内で「検証層」「検証件数」「validation件数」の3通りの呼び方が並立している,validation件数→検証層の指摘件数(同ファイル66行目の検証層の指摘の判定名と語を揃える),命名_区画144_2026-09-12.md
145,xtask,xtask/src/cluster_lights/assignment.rs,36,取り出す(fn),英単語または略号,条件2・条件3・条件5,assignmentはASCIIモジュールであり補完力ゼロ。呼び出しはassignment::取り出す(結果.報告())(scale.rs:63)で、名前に目的語が無く「何を取り出すか」を単独で答えられない。同じファイルの行一覧を取り出すは目的語を持ち合格しているのに対し、この関数だけ目的語が落ちている(実体はクラスタ割り当ての統計を組み立てて返す処理),割り当ての統計を取り出す,命名_区画145_2026-09-12.md
145,xtask,xtask/src/cluster_lights/gpu_time.rs,31,取り出す(fn),英単語または略号,条件2・条件3・条件5,gpu_timeはASCIIモジュールで補完力ゼロ。呼び出しはgpu_time::取り出す(結果.報告())(scale.rs:60、gpu_time_tests.rs:9)で、「GPU時間の表から何を取り出すか」が名前に無い(実体は選別とシーン描画の2区間の中央値),区間の中央値を取り出す,命名_区画145_2026-09-12.md
145,xtask,xtask/src/cluster_lights/determinism.rs,30,確かめる(fn),英単語または略号,条件2・条件3・条件5,determinismはASCIIモジュールで補完力ゼロ。呼び出しはdeterminism::確かめる(&夜の実行環境)(cluster_lights.rs:52)で、「何を確かめるか」が名前に無い(実体は同一起動内で撮った2枚の絵と割り当ての報告行の一致の確認),同一起動の2枚の一致を確かめる,命名_区画145_2026-09-12.md
145,xtask,xtask/src/cluster_lights/interior.rs,29,測る(fn),英単語または略号,条件2・条件3・条件5,interiorはASCIIモジュールで補完力ゼロ。呼び出しはinterior::測る(&屋内の実行環境)(cluster_lights.rs:54)で、「何を測るか」が名前に無い(実体は屋内の灯ありと灯なしの平均輝度),屋内の明るさを測る,命名_区画145_2026-09-12.md
145,xtask,xtask/src/cluster_lights/scale.rs,33,測る(fn),英単語または略号,条件2・条件3・条件5,scaleはASCIIモジュールで補完力ゼロ。呼び出しはscale::測る(&夜の実行環境)(cluster_lights.rs:53)で、「何を測るか」が名前に無い(実体は光の件数を振って各件数のGPU時間と割り当てを測る処理),光の件数を振って測る,命名_区画145_2026-09-12.md
146,xtask,xtask/src/command_ui/menu/interactive.rs,14,選択する(自由関数),なし,受理条件5(裸の動詞の禁止)・条件3(何をが欠落),ASCIIモジュールinteractive直下の自由関数であり(条件2によりモジュール名は読まれない)、名前単独では「何を選択するか」が答えられない。実体は「項目一覧からの1件選択」,項目一覧から1件を選ぶ,命名_区画146_2026-09-12.md
146,xtask,xtask/src/command_ui/menu/simple.rs,8,選択する(自由関数),なし,受理条件5・条件3,同上。ASCIIモジュールsimple直下の裸の動詞で対象語が無い。実体は「番号入力による1件選択」,番号入力で1件を選ぶ,命名_区画146_2026-09-12.md
146,xtask,xtask/src/command_ui/menu/selection_index.rs,6,添字へ変換する,なし,受理条件3(最低「何を+どうする」を欠く),着点(添字へ)はあるが対象(何を変換するか)が名前に無く、「添字へ変換する」だけでは番号の文字列を変換することが読み取れない,番号の文字列を添字へ変換する,命名_区画146_2026-09-12.md
146,xtask,xtask/src/command_ui/menu/argument_form/answer_reading.rs,35,省いた答え(関数),なし,受理条件4(品詞の規律。処理なのに名詞形),省略したときの扱いを受けて新しい引数の答えを組み立てる処理だが、動詞を持たない名詞句で値のように見える。兄弟の旗の答えを読む等はすべて動詞句で終わる,省いたときの答えを作る,命名_区画146_2026-09-12.md
146,xtask,xtask/src/command_ui/menu/argument_form/prompt_text.rs,40,飛ばしたことの案内,なし,受理条件4,案内文を組み立てて返す処理だが名詞句止まり。同ファイルの案内文を組み立てると品詞が食い違う,飛ばしたことを案内する文を組み立てる,命名_区画146_2026-09-12.md
146,xtask,xtask/src/command_ui/menu/argument_form/prompt_text.rs,47,選ぶ引数の案内文,なし,受理条件4,同上。5つの引数から文字列を組み立てる処理だが名詞句,選ぶ引数の案内文を組み立てる,命名_区画146_2026-09-12.md
146,xtask,xtask/src/command_ui/menu/argument_form/prompt_text.rs,63,省いたときの案内,なし,受理条件4,同上,省いたときの案内文を組み立てる,命名_区画146_2026-09-12.md
146,xtask,xtask/src/compile_assets/invoke.rs,30,焼かせる(自由関数),なし,受理条件5,ASCIIモジュールinvoke直下の自由関数が裸の使役動詞で、何を焼かせるかが名前に無い(引数指定はあるが名前に現れない),指定どおりに焼かせる,命名_区画146_2026-09-12.md
146,xtask,xtask/src/compile_assets/texture_policy_name.rs,10,全てRGBA8(定数),英単語または略号・数字,識別子へのASCII英字・数字混入の禁止,"日本語の識別子へ英字・数字の塊「RGBA8」をそのまま混入している(値の文字列""all_rgba8""がASCIIであることとは別問題。識別子自体が和欧混在になっている)","全画素非圧縮の方針名(値の文字列""all_rgba8""は変更不要)",命名_区画146_2026-09-12.md
147,xtask,xtask/src/conform/allow_lint.rs,30,検査する(pub fn),英単語または略号,2・3・5,"allow_lint::検査する(パス, 内容)と読むとき、モジュール名は読まれない前提のため「何を検査するか」が名前に無い",不正なallowの緩和を検査する,命名_区画147_2026-09-12.md
147,xtask,xtask/src/conform/declaration_comment_line.rs,15,検査する(pub fn),英単語または略号,2・3・5,同上。宣言の間のコメント行という対象が名前に無い,宣言の間のコメント行を検査する,命名_区画147_2026-09-12.md
147,xtask,xtask/src/conform/doc_reference.rs,23,検査する(pub fn),英単語または略号,2・3・5,同上。参照パスの実在という対象が名前に無い,参照パスの実在を検査する,命名_区画147_2026-09-12.md
147,xtask,xtask/src/conform/drop_impl.rs,34,検査する(pub fn),英単語または略号,2・3・5,同上。Drop実装の配置という対象が名前に無い,Drop実装の配置を検査する,命名_区画147_2026-09-12.md
147,xtask,xtask/src/conform/forbidden_strings.rs,32,検査する(pub fn),英単語または略号,2・3・5,同上。禁止語・経緯語・絵文字という対象が名前に無い,禁止語と絵文字の混入を検査する,命名_区画147_2026-09-12.md
147,xtask,xtask/src/conform/line_count.rs,27,検査する(pub fn),英単語または略号,2・3・5,同上。行数の上限という対象が名前に無い,行数の上限超過を検査する,命名_区画147_2026-09-12.md
147,xtask,xtask/src/conform/module_import_boundary.rs,19,検査する(pub fn),英単語または略号,2・3・5,同上。取り込みの境界という対象が名前に無い,取り込みの境界を検査する,命名_区画147_2026-09-12.md
147,xtask,xtask/src/conform/reload_without_device_wait.rs,19,検査する(pub fn、引数0),英単語または略号・数字,2・3・5,引数も無いため対象を推測する手がかりがさらに少ない。GPU全作業完了待ちという対象が名前に無い,シーン差し替えのGPU全作業完了待ちを検査する,命名_区画147_2026-09-12.md
147,xtask,xtask/src/conform/rigid_raw_triplet.rs,21,検査する(pub fn),英単語または略号,2・3・5,同上。単精度3つ組の宣言という対象が名前に無い,剛体モジュール群の単精度3つ組宣言を検査する,命名_区画147_2026-09-12.md
147,xtask,xtask/src/conform/single_lighting_slot_write.rs,24,検査する(pub fn、引数0),英単語または略号・数字,2・3・5,引数も無い。照明問い合わせスロットへの書き込み元という対象が名前に無い,照明問い合わせスロットへの書き込み元を検査する,命名_区画147_2026-09-12.md
147,xtask,xtask/src/conform/test_directory_layout.rs,22,検査する(pub fn),英単語または略号,2・3・5,同上。testsの直置きという対象が名前に無い,試験ファイルの直置きを検査する,命名_区画147_2026-09-12.md
147,xtask,xtask/src/conform/two_tier_fold_boundary.rs,67,検査する(pub fn),英単語または略号,2・3・5,同上。二段の位置の口の呼び出し境界という対象が名前に無い(同ファイル内の限定する口型のメソッド版self.検査するはレシーバが型名で補完されるため合格。この67行目のモジュール直下版だけが不合格),二段の位置の口の呼び出し境界を検査する,命名_区画147_2026-09-12.md
147,xtask,xtask/src/conform/whole_repository.rs,16,集める(pub fn、引数0),英単語または略号・数字,2・3・5,whole_repository::集める()と読むとき、モジュール名は読まれない前提。「複数ファイルを横断する検査の違反」という対象が名前に無く、単独では「何を集めるのか」が不明,複数ファイルを横断する検査の違反一覧を集める,命名_区画147_2026-09-12.md
147,xtask,xtask/src/conform/allow_lint.rs,20,ディレクトリで許容(let、bool),英単語または略号,4,名前が「ディレクトリによる許容(という値)」という名詞句に読め、真偽値であることが品詞から予告されない,ディレクトリで許容されるか,命名_区画147_2026-09-12.md
147,xtask,xtask/src/conform/allow_lint.rs,23,ファイル名で許容(let、bool),英単語または略号,4,同上,ファイル名で許容されるか,命名_区画147_2026-09-12.md
147,xtask,xtask/src/conform/allow_lint.rs,31,パス許容(let、bool),英単語または略号,4,「パスの許容(状態)」という名詞句に読め、真偽値であることが品詞から予告されない,パスが許容されるか,命名_区画147_2026-09-12.md
148,xtask,xtask/src/conform/depth_contract/table.rs,10,近面ndc(構造体深度契約のフィールド),英単語または略号,条2(日本語命名の質: 英語の頭字語・省略語を日本語の中に混ぜない),NDC(Normalized Device Coordinates)は「専門用語の表記」節が補足不要とする一般語(UI・CPU・GPU・API等)に含まれず、非専門家が読んでも意味が取れない。しかも助詞・区切りが無いまま「近面」に直接くっつく膠着圧縮になっている,近面の正規化デバイス座標 または既に用語として定着していれば 近面の正規化済み奥行き値(ユビキタス言語への登録要),命名_区画148_2026-09-12.md
148,xtask,xtask/src/conform/depth_contract/table.rs,11,遠面ndc(同上),英単語または略号,条2,同上(1と対),遠面の正規化デバイス座標,命名_区画148_2026-09-12.md
148,xtask,xtask/src/conform/depth_contract/table.rs,"26,27,35,36",近面ndc / 遠面ndc(定数カメラ深度・光源影深度の初期化での再出現),英単語または略号,条2,フィールド名自体の違反がそのまま初期化式にも伝播している,1・2の改名に追従,命名_区画148_2026-09-12.md
149,xtask,xtask/src/conform/shader_binding/table/cloth_set.rs,14,"組（const fn 組(前置き, 写しパス, 写しの変数名) -> 束縛番号の組）",英単語または略号,落ちた条件: 1(受理テスト)・2(補完してよい文脈の限定)・4(品詞の規律),"この関数は束縛番号の組という値を組み立てる処理(処理=動詞句であるべき)なのに、名前が名詞1語の組（型名束縛番号の組の末尾だけを切り出した断片）になっている。呼び出しは組(""..."", 介入と積分, ""params"")という裸の呼び出しであり、型名::を経由しないため型名による目的語の補完が働かない(条件2)。読み手は「組」だけを見て「何をどう組むのか」「何と何の組なのか」を復元できない。値オブジェクト様式の型名::生成する()（条件5で合格とされる形）とも違い、単独の自由関数名が名詞のまま、かつ短すぎる",束縛番号の組を組み立てる（同一モジュール内のprivateヘルパーであるため、型名は補えないぶん動詞句と対象語を関数名へ書く）,命名_区画149_2026-09-12.md
150,xtask,xtask/src/conform/type_metrics_ledger/ledger/table/blitz_sim.rs,14,接触点集合の法線と接線の連立(台帳の行が指す実体はcrates/blitz_sim/src/contact/normal_tangential_system/system.rsのpub struct 接触点集合の法線と接線の連立),英単語または略号,条件1(受理テスト)・条件3(5W1Hの必要格),「連立」だけでは何が連立されているのか(連立方程式か連立の状態を表す値の組か)が名前から復元できない。これはCLAUDE.mdの「オーナーが不合格にした実例」に載っている当該そのものの語であり、2026-09-12時点でも是正されずに実装・台帳の両方に残っている,接触点集合の法線と接線の連立方程式,命名_区画150_2026-09-12.md
151,xtask,xtask/src/csm_seam/summary.rs,20,本番png(フィールド),英単語または略号,受理条件2(英語ASCII識別子は補完力ゼロ)、識別子へのASCII混入禁止,フィールド名の中に英語の拡張子由来の略語pngがそのまま混ざっている。型名::関連関数()のような日本語補完が効く位置ではなく、フィールド名単独でASCII語を読ませる形であり、非専門家が「ぴーえぬじー」を知らないと読めない,本番の絵のパス または 本番画像のパス,命名_区画151_2026-09-12.md
151,xtask,xtask/src/csm_seam/summary.rs,21,可視化png(フィールド),英単語または略号,同上,同上(可視化した絵のPNGファイルという意味だが、ASCIIpngがそのまま剥き出しで入っている),可視化画像のパス,命名_区画151_2026-09-12.md
151,xtask,xtask/src/depth_prepass_cost/table.rs,34,print_行(private関数),英単語または略号,受理条件2・5(裸の動詞の禁止に準じる。英語動詞printをそのまま関数名に使っている),「print」は英語であり、日本語の受理テスト「これは何?」に日本語だけで答えられない。同ファイルの他の関数・呼び出し元はすべて日本語動詞(表示する等)で統一されており、ここだけ英語の動詞語幹が残っている,"一行を表示する xtask/src/depth_prepass_cost/record/write.rs:14,25,43(使用箇所。宣言はcrate::release_build側でこの区画の外) tsvの前置き(関数) 受理条件2に対する疑い(ASCIItsv+日本語の前置きの混在) 定義自体はこの区画の外(release_build)にあり直接の是正対象ではないが、この区画のファイルがuseし呼び出しており、識別子としてASCII混入が視界に入る。tsvは非専門家に読めない拡張子略語である (参考、是正は宣言側で)表形式の前置き 等",命名_区画151_2026-09-12.md
152,xtask,xtask/src/distant_view/plan.rs,16-17,Ssaoなし対照を採る / Ssaoなし候補を採る(enum 実行の別の枝),英単語または略号,日本語命名の質(英語の頭字語・省略語を日本語の中に混ぜない),SSAO(Screen Space Ambient Occlusion)はUI・CPU・GPU・APIのような一般に通用している語ではなく、非専門家が読めない。しかも先頭大文字のSsaoをそのまま「なし」に助詞なしで接着しており、LUTを日本語へ混ぜた不合格例と同型である,SSAO無効の対照を採る のように分かち書きするか、日本語訳(例: 画面空間遮蔽)を_doc/計画/ユビキタス言語.mdへ登録してから使う,命名_区画152_2026-09-12.md
152,xtask,xtask/src/distant_view/plan.rs,44-45,"Self::Ssaoなし対照を採る => 始める(""reference_no_ssao"").ssaoを切る() ほか(ssaoを切る()呼び出し3箇所、60行・62行にも同型)",英単語または略号・数字,日本語命名の質,定義自体は区画外のcapture_condition.rsにあるが、区画内の呼び出し名ssaoを切るがそのままSSAOを未訳で使っている。1と同じ理由で読めない,画面空間遮蔽を切る()等へ改名(定義側の改修が必要),命名_区画152_2026-09-12.md
152,xtask,xtask/src/distant_view/plan_tests.rs,"13-14,36",実行の別::Ssaoなし対照を採る / 実行の別::Ssaoなし候補を採る,英単語または略号,日本語命名の質,1と同じ識別子の使用箇所,1の改名に追従,命名_区画152_2026-09-12.md
152,xtask,xtask/src/dispatch/measurement.rs,17,xpbd_solver_bench::xpbd並列方式を計測する,英単語または略号,日本語命名の質,XPBD(拡張位置ベース動力学)はユビキタス言語に定義済みだが、その定義自体が「非専門家には読めない略語」であることを認めた上での登録であり、識別子の中へ未訳のまま挟むと非専門家は動作を復元できない。定義ファイルは区画外(xpbd_solver_bench.rs)だが、区画内の呼び出し名がこの綴りをそのまま使っている,拡張位置ベース動力学の並列方式を計測する、長さが問題ならXPBDソルバーの並列方式を計測する(カタカナ語ではなく英字表記を残す場合は先例逆Zのように「外部文献照合用」と明記した用語登録が要る),命名_区画152_2026-09-12.md
152,xtask,xtask/src/dispatch/render_check.rs,32,cloth_xpbd_reference::布のxpbd参照比較を確認する,英単語または略号,日本語命名の質,4と同じ理由。助詞は付いているがxpbdは未訳のまま,布の拡張位置ベース動力学参照比較を確認する等,命名_区画152_2026-09-12.md
152,xtask,xtask/src/dispatch/render_check.rs,19,hdr_luminance::hdr輝度を実測する,英単語または略号,日本語命名の質,HDR(High Dynamic Range)はUI・CPU・GPU・APIほど一般に通用していない専門語であり、非専門家が「hdr輝度」から意味を復元できない,広ダイナミックレンジ輝度を実測する等、訳語を決めてユビキタス言語へ登録,命名_区画152_2026-09-12.md
152,xtask,xtask/src/dispatch/render_check.rs,16,terrain_visual::地形庭を目視確認する,英単語または略号,受理条件7(直訳・造語の検出)、日本語命名の質,ユビキタス言語にはterrain_visualの実体が「目視見本の世界」(間接照明の絵をオーナーが目で確かめるためだけに置いた世界)と定義されているが、関数名の「地形庭」はこの定義に無い造語であり、文字どおり読むと「地形の庭」という別の意味に取れる。実体(目視見本の世界を確認する)と名前が一致しない,目視見本の世界を目視確認するのように登録済みの語をそのまま使う,命名_区画152_2026-09-12.md
152,xtask,xtask/src/dispatch/sky_environment.rs,18,derived_environment::派生環境画像の生成を確認する,英単語または略号,受理条件6(1語1義)、日本語命名の質,ユビキタス言語に登録されているのは「派生表現」(遠方環境から導く拡散照度・鏡面畳込み・反射率積分表の3表現の総称)であり、「派生環境」という語は登録が無い。「環境」は「遠方環境」の略と紛れ、読み手は「遠方環境そのものの派生画像」なのか「派生表現の画像」なのか一意に決められない,派生表現の生成を確認する(定義自体は区画外のderived_environment/mod.rsにあり、この区画の是正はsky_environment.rs側の呼び出し名を合わせるだけでは閉じない),命名_区画152_2026-09-12.md
153,xtask,xtask/src/distant_view/judgment/judgment/bloom_footprint.rs,33,最小辺PX(定数),英単語または略号,日本語命名の質(頭字語・記号の非日本語混入)、受理条件8(長さでなく格の完全性の問題ではないが英字混入自体が不可),「PX」という英語の単位略号を日本語の複合語の末尾へ直接連結している。ピクセルを指すと分かるのは英語の慣習を知っている読み手だけであり、非専門家は読めない。同じ意味を持つ既存の最上段計算では画素という日本語が一貫して使われており、この定数だけ英字が混入して1語1義が崩れている,最小辺画素数,命名_区画153_2026-09-12.md
153,xtask,xtask/src/distant_view/judgment/plan/capture_condition.rs,30,ssaoを使わない(フィールド),英単語または略号,日本語命名の質(頭字語混入)、受理条件6(1語1義),英語の略語「ssao」をそのまま複合語の頭へ置いている。この区画のprovenance/capture_flags.rsは同じ概念を局所可視性を使うかという日本語で持っており、同じドメイン概念(SSAO=局所遮蔽の可視性判定)に2つの綴りが並立している。読み手は「ssao」と「局所可視性」が同じものだと文書を読まないと分からない,局所可視性を使わない,命名_区画153_2026-09-12.md
153,xtask,xtask/src/distant_view/judgment/plan/capture_condition.rs,53,ssaoを切る(メソッド),英単語または略号,同上,同上。動詞句としての品詞は正しいが英字混入は変わらない,局所可視性を切る,命名_区画153_2026-09-12.md
153,xtask,xtask/src/distant_view/judgment/plan/capture_condition.rs,,ssaoを使わない / 局所可視性を使うか,英単語または略号,受理条件6(1語1義),同一区画内の2つのファイルが、SSAO(局所遮蔽の可視性)という同じ概念を別の綴りで持つ。片方は英語の略語のまま、片方は日本語訳語であり、具体側(plan/capture_condition.rs)を改名すべき組み合わせである,capture_condition.rs側を局所可視性を使わないへ統一,命名_区画153_2026-09-12.md
153,xtask,xtask/src/distant_view/judgment/judgment/scatter_stage.rs,26,判定する(pub(super)関数),英単語または略号,受理条件2(ASCII識別子の補完力ゼロ)、受理条件5(裸の動詞の禁止),scatter_stageはASCIIのモジュール名であり読まれない前提であるため、scatter_stage::判定するという呼び出しは型名・レシーバによる目的語の補完が働かない。「判定する」だけでは何を判定するのか(散布の構図であること)が名前に無い。オーナー実例のcreate::生成すると同型の違反である,散布の構図を判定する,命名_区画153_2026-09-12.md
153,xtask,xtask/src/distant_view/judgment/judgment/shadow_stage.rs,44,判定する(pub(in crate::distant_view)関数),英単語または略号,同上,shadow_stage::判定するも同型。影の距離区分の再配分を判定する処理だが、名前に対象が無い,影の構図を判定する,命名_区画153_2026-09-12.md
153,xtask,xtask/src/distant_view/judgment/judgment/geometry_contract.rs,20,遠景勝利(構造体幾何の実測のフィールド),なし,受理条件1(受理テスト)、受理条件3(5W1Hの必要格),実体は「遠景が近傍を隠した画素の数」(同じ型の課す()メソッド内で実際にこの語で説明されている)である。フィールド名の「勝利」はゲーム的な比喩であり、単独で読んでも「画素数を数える対象が何か」を復元できない。オーナー実例の「試験の許容差の当て方」と同型(実体と合わない語),遠景が近傍を隠した画素数,命名_区画153_2026-09-12.md
153,xtask,xtask/src/distant_view/judgment/plan/argument_name.rs,19-20,Ssaoなし対照を採る / Ssaoなし候補を採る(列挙実行の別の分岐の使用),英単語または略号,日本語命名の質(頭字語混入),英語の略語「Ssao」を日本語の複合語の先頭へそのまま連結している。定義自体は区画外のplan.rsにあるが、この区画のargument_name.rsが同じ綴りを使用している。是正は定義元のplan.rs(別区画)で行う必要がある,定義側で局所可視性なし対照を採る等へ統一,命名_区画153_2026-09-12.md
154,xtask,xtask/src/editor/web_root.rs,31,開発サーバーを起動する試み(エディター画面の置き場のメソッド),なし,条件4(品詞の規律),この関数はnpmプロセスをspawnし、失敗時に案内をprintln!する副作用を持つ処理であるにもかかわらず、名前が「試み」という名詞で終わっている。「オーナーが不合格にした実例」の(a)「処理なのに名詞形(品詞の偽装)」に該当し、記録がログと誤読された経緯と同型である。読み手は戻り値Option<子プロセスの木>を見るまで、これが値を作るだけの関数か、副作用を伴う起動処理かを名前から判別できない,開発サーバーの起動を試みる,命名_区画154_2026-09-12.md
154,xtask,xtask/src/game_fox_tour/run.rs,36,描画する(自由関数、runモジュール直下),英単語または略号,条件1・条件3(受理テスト・5W1Hの必要格),runはASCIIモジュールであり、命名規範上このモジュール名からの意味の補完は無効(受理条件2)。名前単独で読むと「描画する」は画面へ絵を出す処理にしか見えないが、実体はアプリを起動して実行時の進行報告(実行の進行: ゲーム更新回数・進行段階・到達済み目的地・大域位置)を読み取って返す関数である。戻り値の主要な情報である「進行を読み取る」が名前に一切現れておらず、「これは何?」に単独で答えられない,実行して進行を読み取る または 台本を実行し進行を撮影する,命名_区画154_2026-09-12.md
155,xtask,xtask/src/hdr_luminance/statistics.rs,22-26,輝度統計構造体のフィールド最小のev・p1のev・p50のev・p99のev・最大のev,英字1文字・英単語または略号・数字,識別子への英字混入の禁止(受理条件の前提。オーナー実例の「A2」型と同型),「の」で日本語の格を付けているのに、値の核がevという小文字ASCII2文字とp1/p50/p99という英字+数字の組であり、非専門家がこの識別子だけから「EV(露出値)の百分位」を復元できない。ユビキタス言語には「EV」は単位としての説明文中の記述はあるが、識別子の一部として登録された語ではない,最小のev→最小の露出段、p1のev→露出段のp1ではなく露出段の下側1パーセンタイルのように、露出段(EV)とパーセンタイルを別の日本語句へ開く,命名_区画155_2026-09-12.md
155,xtask,xtask/src/hdr_luminance/judgment.rs,14-20,統計.最小のev等5箇所での参照,英単語または略号・数字,同上(参照であり定義は上と同じ),同上のフィールド名をそのまま読んでいるため、定義を直せば連動する,定義側の改名に追従する,命名_区画155_2026-09-12.md
155,xtask,xtask/src/hdr_luminance/table.rs,"9-22, 27-37",統計.最小のev等の参照(表示・要約の組み立て),英単語または略号,同上,同上,定義側の改名に追従する,命名_区画155_2026-09-12.md
155,xtask,xtask/src/ibl_step/difference.rs,17-19,領域の段差構造体のフィールド明るさのev一覧・色のev一覧,英単語または略号,識別子への英字混入の禁止,evが小文字ASCIIのまま日本語の格助詞に挟まっており、「明るさの露出段の一覧」であることを非専門家がこの綴りだけから読めない,明るさのev一覧→明るさの露出段一覧、色のev一覧→色の露出段一覧,命名_区画155_2026-09-12.md
155,xtask,xtask/src/ibl_step/summary.rs,"36-44, 59-63",領域の集計構造体のフィールド明るさのp95の最大・色のp95の最大、および取り込むメソッド内の同名アクセス,英字1文字・数字,識別子への英字・数字混入の禁止,p95が英字+数字のまま名詞句の中に挟まり、「95パーセンタイル」であることを式の綴りからしか読めない(専門用語の表記の初出補足も無い),明るさのp95の最大→明るさの95パーセンタイル値の最大、色のp95の最大→色の95パーセンタイル値の最大 xtask/src/ibl_step/summary/distribution.rs:13-16 分布構造体のフィールドp95 識別子への英字・数字混入の禁止(この40ファイル中もっとも重い形。フィールド名が日本語の格助詞すら伴わない裸のASCII+数字) 型定義を単独で見ても「p95」がここでは「95パーセンタイル値」であることが日本語として一切読めない p95→九十五パーセンタイル値または分布型のもう一方のフィールド最大に倣いパーセンタイル95ではなく95パーセンタイル値,命名_区画155_2026-09-12.md
155,xtask,xtask/src/ibl_step/measure.rs,"31, 48",ローカル変数明るさのp95一覧,英字1文字・数字,識別子への英字・数字混入の禁止,同上のp95問題がローカル変数にも伝播している,明るさの95パーセンタイル値一覧,命名_区画155_2026-09-12.md
155,xtask,xtask/src/ibl_step/scan.rs,"63, 73",ローカル変数領域ごとのp95・地面のp95,英字1文字・数字,識別子への英字・数字混入の禁止,同上,領域ごとの95パーセンタイル値・地面の95パーセンタイル値,命名_区画155_2026-09-12.md
155,xtask,xtask/src/gen_source_assets/supply/generator_launch.rs,24-25,型生成器のexampleをcargoから起こす係,英単語または略号,日本語命名の質(英語の直訳調・単語らしく見せるための助詞省略は無いが、英単語をそのまま名詞として日本語の格助詞に挟んでいる)/受理条件2(英語識別子は読まれないものとして扱う対象そのものが、ここでは自分自身の識別子の中に埋め込まれている),exampleはcargo run --exampleというCargoの機能名の直訳借用であり、Rustのビルドツールを知らない読み手には「起こす対象がなぜexampleという英単語なのか」が復元できない。cargoは固有名詞(ビルドツール名)として許容できるが、exampleは普通名詞であり訳し漏れである,生成器のexampleをcargoから起こす係→生成器の実行例をcargoから起こす係(「実行例」で置き換え、cargoは固有名詞として維持),命名_区画155_2026-09-12.md
157,xtask,xtask/src/local_visibility/term_measure.rs,"48-50,",零 中 一(関数引数・ローカル変数、型[f32; 3]),英字1文字・数字,条件1(受理テスト)・条件3(5W1Hの必要格),「零」「中」「一」はそれ自体は完成した日本語の単語だが、ここでは「全遮蔽時のその画素の色」「中間符号値でのその画素の色」「遮蔽なし時のその画素の色」という3つの撮影条件下の画素値を指しており、単独では数値の0/中間/1としか読めず、何の値かが復元できない。呼び出し元(term_measure.rs内の測る)では全遮蔽・中間・遮蔽なしという完全な語の画像から取り出しているのに、値そのものの変数名では対応する語が消えている,全遮蔽時の画素・中間時の画素・遮蔽なし時の画素(またはそれぞれ零側画素のような圧縮でなく、関数内でも呼び出し元と同じ完全語を使う),命名_区画157_2026-09-12.md
157,xtask,xtask/src/lod_crack/image_check.rs,"15,16,28,41,44,45",roi画素数,英単語または略号,日本語命名の質(英語の頭字語を日本語へ混ぜない)・条件8関連の助詞省略,roi(region of interest)は画像処理の専門用語で、UI・CPU・GPU・APIのように非専門家が通用語として知っている語ではない。しかもroiと画素数の間に助詞が無く、「大気LUT生成指示」と同型の膠着圧縮になっている,関心領域の画素数または固定投影帯の画素数(コメントが実際に指す対象は「固定投影帯」であるため、既存のドメイン語をそのまま使う案を推奨),命名_区画157_2026-09-12.md
157,xtask,xtask/src/local_visibility/parse.rs,20,p95誤差,英字1文字・数字,日本語命名の質(英語の頭字語+数字を日本語へ混ぜない)・条件8関連の助詞省略,p95は統計用語(95パーセンタイル)の略記で非専門家には読めない。しかも同じ値をjudgment.rsのコメント上では「正本と写しの誤差の第95百分位」という完全な日本語で呼んでおり、フィールド名だけが略記のまま取り残されている(1つの概念に2つの表記が並立),第95百分位誤差(tolerance.rsの第95百分位誤差の許容と語を揃える),命名_区画157_2026-09-12.md
157,xtask,xtask/src/large_world_bench/arguments.rs,19-20,ram上限 vram上限,英単語または略号,日本語命名の質(単語らしく見せるための助詞省略・膠着圧縮),同じ構造体の隣接フィールドワーカー本数・要求容量は完全な日本語句だが、ram上限・vram上限だけは英語略語と漢語を助詞無しで直結しており、「大気LUT生成指示」と同型の圧縮になっている。同ファイル内でもcpuの性質・gpuの性質(local_visibility側)は助詞「の」を挟んでいるのに、こちらは挟んでいない不統一もある,ramの上限バイト数・vramの上限バイト数,命名_区画157_2026-09-12.md
157,xtask,xtask/src/local_visibility/parse.rs,21,静止一致,なし,条件4(品詞の規律。真偽は「〜か」),型はboolだが名詞句で終わっており、「静止一致」という値(名詞)を保持しているのか、一致したかどうかの真偽なのかが型を見るまで分からない。summary.rsでは同じ名前がラベルとしてそのまま出力されてもいる,静止2フレームが一致したか(または静止したかどうかと同種の完全な疑問形),命名_区画157_2026-09-12.md
157,xtask,xtask/src/large_world_bench/arguments.rs,29,計画だけ,なし,条件4(品詞の規律。真偽は「〜か」),bool型だが「計画だけ」という体言止めであり、「計画だけを表示するモードか」という意味を型を見ずに復元できない,計画だけを表示するか,命名_区画157_2026-09-12.md
158,xtask,xtask/src/memory_sampling/sample.rs,9,バイト毎MIB,英単語または略号,日本語命名の質(英語の頭字語・省略語を日本語の中に混ぜない),MIBはメビバイトの略語であり、単位の分野を知らない非専門家には読めない。日本語(バイト毎)とASCII大文字の頭字語(MIB)が同じ識別子の中で衝突している,改名素案: バイト毎メビバイト,命名_区画158_2026-09-12.md
158,xtask,xtask/src/memory_sampling/sample.rs,"13,14,15",ワーキングセットmib / プライベートmib / 専用vrammib(メモリ標本のフィールド),英単語または略号,日本語命名の質(頭字語・省略語混入)/受理条件8(短さのために語を削っている),英語の単位略語mib(メビバイト)を日本語複合語の末尾へ助詞なしで膠着させており、単独では「ミブ」という未知の文字列にしか見えない。単位を示したいなら日本語で書く必要がある,改名素案: ワーキングセットのメビバイト数 / プライベートメモリのメビバイト数 / 専用VRAMのメビバイト数,命名_区画158_2026-09-12.md
158,xtask,xtask/src/memory_sampling/sample.rs,31-35,ワーキングセットmib / プライベートmib / 専用vramバイト / gpu標本数(解析する内のローカル変数),英単語または略号,日本語命名の質,2と同じ理由。gpu標本数は小文字ASCIIgpuが日本語の中に混入し、「じーぴーゆー標本数」と読めるが単語境界が不明瞭,改名素案: ワーキングセットのメビバイト数 / プライベートメモリのメビバイト数 / 専用VRAMのバイト数 / GPU標本の件数,命名_区画158_2026-09-12.md
158,xtask,xtask/src/memory_sampling/sample.rs,53-56,ワーキングセットmib / プライベートmib / 専用vrammib(メモリ最大のフィールド),英単語または略号,日本語命名の質,1・2と同じ略語混入がpub(crate)フィールドにも及んでいる,改名素案: 2と同じ,命名_区画158_2026-09-12.md
158,xtask,xtask/src/ow3_dod/metrics.rs,9,validation件数(計測値のフィールド),英単語または略号,日本語命名の質(英語をそのまま日本語の中に混ぜない),略語ではなく英単語validationをそのまま日本語の件数へ接着している。英語を知らない読み手は「バリデーション」の意味(Vulkanの検証層の指摘)を復元できない,改名素案: 検証層の指摘件数(同じ意味を持つdisplay側の文言「実行で出た検証層の指摘」と合わせる),命名_区画158_2026-09-12.md
159,xtask,xtask/src/ow4_bench/point.rs,34,候補数を小数へ,なし,条件1(受理テスト)・条件4(品詞の規律),述語(動詞)を欠いており「〜する処理です」への答えとして文が完結しない。「候補数を小数へ」だけでは「どうする」が無く、変換する処理であることが名前から読み取れない(実体はu64の候補数をf64へ変換する処理)。,候補数を小数へ変換する,命名_区画159_2026-09-12.md
159,xtask,xtask/src/part_row_draw/frame_chain.rs,76,撮影してコードへ変換する,なし,条件1(受理テスト)・条件7(直訳/紛れの検出),「コード」が単独では「終了コード(ExitCode)」と「ソースコード」のどちらを指すか読み手が復元できない。戻り値型ExitCodeは英語(ASCII)識別子であり受理条件2により補完に使えないため、日本語の名前だけで判断すると「撮影した結果をプログラムのコードへ変換する」とも読める。,撮影して終了コードへ変換する,命名_区画159_2026-09-12.md
159,xtask,xtask/src/part_row_draw/tree_row.rs,35,検収してコードへ変換する,なし,条件1・条件7,上と同一の理由(「コード」の指す実体が終了コードかソースコードか名前だけでは決まらない)。,検収して終了コードへ変換する,命名_区画159_2026-09-12.md
159,xtask,xtask/src/part_row_draw/scale_pair.rs,63,検収してコードへ変換する(件数を変えた並びの対のメソッド),なし,条件1・条件7,同上。この識別子はhouse_row.rs:55・frame_row.rs:48から家の並びの対.検収してコードへ変換する()/一間四方の骨格の並びの対.検収してコードへ変換する()という形で呼ばれており、日本語のレシーバ(家の並びの対等)で意味を補っても「コード」の指す実体は変わらず読めない。,検収して終了コードへ変換する,命名_区画159_2026-09-12.md
161,xtask,xtask/src/sample_world_region/ground_mask.rs,"56-67,74-75",x開始・x終端・y開始・y終端（変数）、x・y（関数画素の色の判定名の引数）,英字1文字,ASCII混入禁止（オーナー実例の型「A2」「n」と同型）,ASCIIの英字x/yを日本語の語幹（開始・終端）へ直結し、または引数名として単体で使っている。プロジェクトの他ファイル（edge.rs等）は同じ横座標・縦座標を「横」「縦」という日本語で呼んでおり、同じ概念に英字名と日本語名が両方存在する状態（1語1義違反も伴う）,横開始・横終端・縦開始・縦終端、引数は横・縦,命名_区画161_2026-09-12.md
161,xtask,xtask/src/shadow_loss/region_count.rs,"12-15,25,27,33-34",x開始・x終端・y開始・y終端（構造体受光面の領域のフィールドと関連関数生成するの引数）,英字1文字,ASCII混入禁止,型のフィールド名という永続的な識別子にASCII英字を直結している。呼び出し側のrange_world.rsは同じ矩形を「画面の幅」「画面の高さ」という日本語で述べており、フィールドだけが英字のまま取り残されている,横開始・横終端・縦開始・縦終端,命名_区画161_2026-09-12.md
161,xtask,xtask/src/sample_world_region/sphere_mask.rs,"66,68,71,74,77",x・y（タプル分解した変数）,英字1文字,ASCII混入禁止,分解代入で作った変数がASCII単体名。同じファイルの他関数は「添字」「幅」「高さ」等の日本語を使っており、この2行だけが英字で浮いている,"let (横, 縦) = (添字 % 幅, 添字 / 幅);",命名_区画161_2026-09-12.md
161,xtask,xtask/src/shadow_loss/comparison_fixture.rs,44,候補に残す: bool（関数影を塗るの引数）,英単語または略号,品詞の規律（真偽は「〜か」）,名前が命令文的な動詞句であり、真偽値であることが名前から分からない。呼び出し側のif 候補に残す { ... }はまだ読めるが、宣言だけを見ると処理を表す動詞句に見え、bool型だと初見で判定できない,候補に残すか: bool,命名_区画161_2026-09-12.md
161,xtask,xtask/src/shadow_loss/compare.rs,79,基準の影: bool・候補の影: bool（関数積むの引数）,英単語または略号,品詞の規律（真偽は「〜か」）,「影」という名詞だけでは「影の量」なのか「影の中にいるかどうか」なのか区別できない。実体は後者の真偽値である,基準の影かどうかは冗長なので基準は影の中か: bool・候補は影の中か: bool,命名_区画161_2026-09-12.md
161,xtask,xtask/src/reverse_depth/compare.rs,56-61,対照幾何・候補幾何（bool変数）,英単語または略号,品詞の規律（真偽は「〜か」）,「幾何」という名詞に見えるが実体は「その画素が幾何（背景でなくジオメトリ）であるかどうか」を持つ真偽値。名詞のままでは値の種類（f32の幾何情報なのか判定結果なのか）が復元できない,対照は幾何か・候補は幾何か,命名_区画161_2026-09-12.md
161,xtask,xtask/src/reverse_depth/compare/color/edge.rs,50,幾何: [bool; 3]（配列変数）,英単語または略号・数字,品詞の規律（真偽は「〜か」）,3画素分の「幾何かどうか」の配列だが、名前が単数名詞のままで複数の真偽値を持つ配列だと読み手が気づきにくい,幾何か一覧: [bool; 3],命名_区画161_2026-09-12.md
161,xtask,xtask/src/shadow_diagnostic_image/decode.rs,18,判別する（pub(super) fn）,英単語または略号,裸の動詞の禁止（条件5）／5W1Hの必要格（条件3）,モジュール名decodeはASCIIで補完力ゼロ。関数は「何を」「何から」判別するのかを名前に持たない。単独で読むと「判別する処理です」としか言えず、入力が色で出力が診断画素であることが分からない,色から診断画素を判別する,命名_区画161_2026-09-12.md
161,xtask,xtask/src/shadow_loss/diff_image.rs,28,書き出す（pub(super) fn）,英単語または略号,裸の動詞の禁止（条件5）,モジュール名diff_imageはASCIIで補完力ゼロ。同じファイルの兄弟関数前の実行が残した画像を消すは目的語を持つのに、この関数だけ目的語（差分画像）を欠く,差分画像を書き出す,命名_区画161_2026-09-12.md
161,xtask,xtask/src/shadow_loss/report.rs,7,表示する（pub(super) fn）,英単語または略号,裸の動詞の禁止（条件5）,モジュール名reportはASCIIで補完力ゼロ。「何を表示するか」が名前に無い。ファイル冒頭コメントには「比較結果を人が読める表にする」とあり、関数名がその情報を落としている,比較結果を表にして表示する,命名_区画161_2026-09-12.md
161,xtask,xtask/src/shadow_loss/args/exclusivity_tests.rs,20,rangeの構図は最大影距離の候補を受けない（テスト関数名）,英単語または略号,ASCII混入禁止,"英単語rangeがそのまま日本語識別子へ混ざっている。構図::影視距離の検収の綴り()が返す文字列""range""をそのまま関数名に転記したためだが、識別子としては英語直書きになっている",影視距離の検収構図は最大影距離の候補を受けない,命名_区画161_2026-09-12.md
161,xtask,xtask/src/shadow_loss/args/exclusivity_tests.rs,62,rangeの構図は影の視距離の候補を受ける（テスト関数名）,英単語または略号,ASCII混入禁止,同上,影視距離の検収構図は影の視距離の候補を受ける,命名_区画161_2026-09-12.md
163,xtask,xtask/src/sky_time/stats.rs,19,明部p95(フィールド定義),英字1文字・数字,条件2・条6,英字pと数字95が識別子に直接混じり、非専門家はもとよりRust識別子としても意味の完全な日本語ではない。同じ量を夜の明部の九五分位という日本語表記でも指しており1語1義が崩れている,明部の九五分位,命名_区画163_2026-09-12.md
163,xtask,xtask/src/sky_time/stats.rs,20,明部p99(フィールド定義),英字1文字・数字,条件2・条6,同上,明部の九九分位,命名_区画163_2026-09-12.md
163,xtask,xtask/src/sky_time/stats.rs,57,明部p95: 分位を求める(...)(構築),英字1文字・数字,条件2,同上識別子の使用箇所,(改名に追従),命名_区画163_2026-09-12.md
163,xtask,xtask/src/sky_time/stats.rs,58,明部p99: 分位を求める(...)(構築),英字1文字・数字,条件2,同上,(改名に追従),命名_区画163_2026-09-12.md
163,xtask,xtask/src/sky_time/judgment.rs,46,前.明部p95・後.明部p95,英字1文字・数字,条件2,同上,(改名に追従),命名_区画163_2026-09-12.md
163,xtask,xtask/src/sky_time/judgment.rs,59,実測.明部p95,英字1文字・数字,条件2,同上,(改名に追従),命名_区画163_2026-09-12.md
163,xtask,xtask/src/sky_time/judgment.rs,60,実測.明部p99,英字1文字・数字,条件2,同上,(改名に追従),命名_区画163_2026-09-12.md
163,xtask,xtask/src/sky_time/report.rs,19,実測.明部p95・実測.明部p99,英字1文字・数字,条件2,同上,(改名に追従),命名_区画163_2026-09-12.md
163,xtask,xtask/src/sky_time/terrain_band.rs,49,明部p95: 0(テスト内の構築),英字1文字・数字,条件2,同上,(改名に追従),命名_区画163_2026-09-12.md
163,xtask,xtask/src/sky_time/terrain_band.rs,50,明部p99: 0(テスト内の構築),英字1文字・数字,条件2,同上,(改名に追従),命名_区画163_2026-09-12.md
163,xtask,xtask/src/sky_time/sun_disk_diff.rs,25,求める(公開関数定義),なし,条件2・条5,ASCIIモジュール名sun_disk_diffは補完力ゼロであり、「求める」だけでは何を求めるのか単独で答えられない,円盤差分を求める,命名_区画163_2026-09-12.md
163,xtask,xtask/src/sky_time/image_judgment.rs,44,"sun_disk_diff::求める(円盤あり, 対照)",英単語または略号,条件2・条5,呼び出し側でも同じ理由で読めない,sun_disk_diff::円盤差分を求める(...),命名_区画163_2026-09-12.md
163,xtask,xtask/src/sky_time/judgment.rs,28,夜の九九分位上限,なし,呼称と語の選択 条1、受理条件6,「九九」が数詞の圧縮であり、掛け算の九九と同綴りで紛れる,夜の九十九分位上限,命名_区画163_2026-09-12.md
163,xtask,xtask/src/sky_time/judgment.rs,30,夜の明部の九五分位,なし,呼称と語の選択 条1,「九五」が数詞の圧縮(正しくは九十五),夜の明部の九十五分位,命名_区画163_2026-09-12.md
163,xtask,xtask/src/sky_time/judgment.rs,32,夜の明部の九九分位,なし,呼称と語の選択 条1、受理条件6,同上、掛け算の九九と紛れる,夜の明部の九十九分位,命名_区画163_2026-09-12.md
164,xtask,xtask/src/smoke/launch_setting.rs,"15, 35, 50-53",開発uiあり(フィールド・ビルダーメソッド),英単語または略号,日本語命名の質「英語の頭字語・省略語を日本語の中に混ぜない」+ 呼称と語の選択(圧縮の禁止に準じる字種混入),小文字ASCIIのuiが分かち書きも訳語も無いまま日本語へ直結している。「UI」を一般語として使うなら大文字で独立させるべきで、小文字で融着させると「ゆーあい」と読むのか英字のまま読むのか非専門家が判断できない,開発UIあり(UIを一般語として独立させる)、または開発用画面あり,命名_区画164_2026-09-12.md
164,xtask,xtask/src/smoke/stages.rs,"18, 51, 55, 57",開発ui(関数名),英単語または略号,同上,同上。関数名単独でも「開発ui」という融着表記は非専門家が読めない,開発UI または 開発向け画面 を用いた関数名(例: 開発UIステージ) xtask/src/streaming_report/reading_tests.rs:29-30(使用箇所。定義は区画外のxtask/src/streaming_report.rs) 要約.lod変更フレーム数・要約.lod変更時読込開始件数 日本語命名の質「英語の頭字語・省略語を日本語の中に混ぜない」+ 専門用語の表記(初出時の補足が無い) LOD(Level of Detail、詳細度)は日本の非専門家が読める語ではなく、グローバルCLAUDE.mdが名指すLUTと同種の要意訳語である。定義ファイルに初出の補足も無い。本ファイルは使用箇所のみで定義は区画外だが、この区画を読んで初めて識別子が見えたため報告する 詳細度変更フレーム数・詳細度変更時読込開始件数,命名_区画164_2026-09-12.md
167,xtask,xtask/src/xpbd_solver_bench/record.rs,34,一刻みのディスパッチ数,なし,条7(直訳の検出)・条6(1語1義),_doc/計画/ユビキタス言語.md行602の「計算の発行」の定義が「VulkanのvkCmdDispatchが行う操作であり、意味の伝わらない直訳「ディスパッチ」は使わない」と明示的に禁じている語をそのまま使っている。英語のdispatchを知らない読み手は「ディスパッチ」から「GPUへ計算の実行を命じること」を復元できない,一刻みの計算の発行数,命名_区画167_2026-09-12.md
